Date,Point Prediction,Lower 90% CI,Upper 90% CI
1/1/2017,-6.764402647,-9.868599834,-3.66020546
2/1/2017,-5.906871712,-9.036863848,-2.776879577
3/1/2017,-0.381272637,-3.52300569,2.760460417
4/1/2017,6.615726382,3.466557866,9.764894897
5/1/2017,13.29623288,10.14293836,16.44952741
6/1/2017,18.41099929,15.25736626,21.56463233
7/1/2017,21.53671108,18.37767477,24.69574739
8/1/2017,20.72672223,17.56235167,23.8910928
9/1/2017,16.38388667,13.21864687,19.54912647
10/1/2017,9.953767775,6.788115123,13.11942043
11/1/2017,3.994602053,0.829634393,7.159569712
12/1/2017,-2.718192962,-5.88381721,0.447431287
1/1/2018,-6.890067626,-10.05784894,-3.722286316
2/1/2018,-6.098596434,-9.266434302,-2.930758567
3/1/2018,-0.57480492,-3.742622497,2.593012657
4/1/2018,6.551633785,3.383778935,9.719488636
5/1/2018,13.26410401,10.09635636,16.43185167
6/1/2018,18.29998741,15.13224363,21.46773119
7/1/2018,21.46845912,18.30071627,24.63620197
8/1/2018,20.70384523,17.53614276,23.87154771
9/1/2018,16.35950956,13.19160381,19.5274153
10/1/2018,9.938140265,6.770175275,13.10610525
11/1/2018,3.99379947,0.826857591,7.160741349
12/1/2018,-2.719648492,-5.887209757,0.447912773
1/1/2019,-6.892816916,-10.06219923,-3.723434607
2/1/2019,-6.096082173,-9.265358496,-2.926805851
3/1/2019,-0.569674273,-3.73885031,2.599501763
4/1/2019,6.557299384,3.388114423,9.726484345
5/1/2019,13.2714828,10.10242632,16.44053929
6/1/2019,18.30857692,15.13952677,21.47762707
7/1/2019,21.47714888,18.30810529,24.64619248
8/1/2019,20.71288218,17.54388436,23.88188
9/1/2019,16.36907036,13.19987187,19.53826886
10/1/2019,9.947920819,6.778664301,13.11717734
11/1/2019,4.003743149,0.835510461,7.171975837
12/1/2019,-2.709491909,-5.87834371,0.459359892
1/1/2020,-6.882547549,-10.05319983,-3.711895269
2/1/2020,-6.085762687,-9.256307252,-2.915218123
3/1/2020,-0.559287795,-3.729731051,2.61115546
4/1/2020,6.567739854,3.39728834,9.738191369
5/1/2020,13.28195233,10.1116296,16.45227506
6/1/2020,18.31907405,15.14875759,21.48939052
7/1/2020,21.48767031,18.31736062,24.65798
8/1/2020,20.72341723,17.55315347,23.893681
9/1/2020,16.37961523,13.20915091,19.55007956
10/1/2020,9.958474934,6.787952633,13.12899723
11/1/2020,4.014303615,0.844804766,7.183802463
12/1/2020,-2.698927084,-5.869044804,0.471190635
1/1/2021,-6.871978852,-10.04389566,-3.700062042
2/1/2021,-6.075191093,-9.247000161,-2.903382024
3/1/2021,-0.548714314,-3.72042208,2.622993453
4/1/2021,6.578314839,3.406598837,9.750030841
5/1/2021,13.29252852,10.12094126,16.46411577
6/1/2021,18.32965107,15.15807007,21.50123207
7/1/2021,21.49824796,18.32667375,24.66982218
8/1/2021,20.7339954,17.56246709,23.9055237
9/1/2021,16.39019377,13.21846498,19.56192255
10/1/2021,9.969053735,6.797266998,13.14084047
11/1/2021,4.024882626,0.854118934,7.195646317
12/1/2021,-2.688347916,-5.859730232,0.4830344
1/1/2022,-6.861399569,-10.03458024,-3.688218901
2/1/2022,-6.064611722,-9.237684689,-2.891538755
3/1/2022,-0.538134875,-3.71110658,2.634836829
4/1/2022,6.588894327,3.41591439,9.761874264
5/1/2022,13.30310804,10.1302568,16.47595928
6/1/2022,18.34023063,15.16738564,21.51307561
7/1/2022,21.50882754,18.33598933,24.68166574
8/1/2022,20.74457499,17.57178267,23.9173673
9/1/2022,16.40077337,13.22778066,19.57376608
10/1/2022,9.979633346,6.806582704,13.15268399
11/1/2022,4.035462243,0.863434239,7.207490248
12/1/2022,-2.677768293,-5.850414676,0.494878089
1/1/2023,-6.850819943,-10.02526396,-3.676375925
2/1/2023,-6.054032093,-9.228368452,-2.879695733
3/1/2023,-0.527555244,-3.701790381,2.646679894
4/1/2023,6.59947396,3.425230594,9.773717326
5/1/2023,13.31368768,10.13957295,16.4878024
6/1/2023,18.35081026,15.17670179,21.52491873
7/1/2023,21.51940717,18.34530548,24.69350886
8/1/2023,20.75515462,17.5810988,23.92921044
9/1/2023,16.41135301,13.23709687,19.58560914
10/1/2023,9.990212983,6.81589894,13.16452703
11/1/2023,4.046041881,0.872750068,7.219333694
12/1/2023,-2.667188656,-5.841098601,0.506721289
1/1/2024,-6.840240305,-10.01594717,-3.66453344
2/1/2024,-6.043452455,-9.219051704,-2.867853205
3/1/2024,-0.516975606,-3.692473674,2.658522462
4/1/2024,6.610053598,3.434547305,9.785559891
5/1/2024,13.32426731,10.14888961,16.49964501
6/1/2024,18.3613899,15.18601845,21.53676135
7/1/2024,21.52998681,18.35462214,24.70535148
8/1/2024,20.76573426,17.59041544,23.94105308
9/1/2024,16.42193264,13.24641359,19.5974517
10/1/2024,10.00079262,6.825215679,13.17636956
11/1/2024,4.056621519,0.8820664,7.231176637
12/1/2024,-2.656609018,-5.831782022,0.518563987
1/1/2025,-6.829660667,-10.00662988,-3.652691457
2/1/2025,-6.032872817,-9.209734454,-2.85601118
3/1/2025,-0.506395968,-3.683156463,2.670364528
4/1/2025,6.620633236,3.443864518,9.797401954
5/1/2025,13.33484695,10.15820678,16.51148713
6/1/2025,18.37196954,15.19533561,21.54860346
7/1/2025,21.54056645,18.36393929,24.7171936
8/1/2025,20.7763139,17.59973258,23.95289522
9/1/2025,16.43251228,13.2557308,19.60929376
10/1/2025,10.01137226,6.834532921,13.1882116
11/1/2025,4.067201157,0.891383235,7.243019078
12/1/2025,-2.64602938,-5.822464941,0.530406182
1/1/2026,-6.819081029,-9.997312082,-3.640849976
2/1/2026,-6.022293179,-9.200416702,-2.844169655
3/1/2026,-0.49581633,-3.673838752,2.682206092
4/1/2026,6.631212874,3.453182233,9.809243515
5/1/2026,13.34542659,10.16752444,16.52332874
6/1/2026,18.38254917,15.20465327,21.56044508
7/1/2026,21.55114609,18.37325695,24.72903522
8/1/2026,20.78689354,17.60905022,23.96473686
9/1/2026,16.44309192,13.26504852,19.62113532
10/1/2026,10.0219519,6.843850663,13.20005313
11/1/2026,4.077780795,0.900700573,7.254861017
12/1/2026,-2.635449742,-5.813147358,0.542247875
1/1/2027,-6.808501391,-9.987993787,-3.629008995
2/1/2027,-6.011713541,-9.19109845,-2.832328632
3/1/2027,-0.485236692,-3.664520539,2.694047156
4/1/2027,6.641792512,3.462500449,9.821084575
5/1/2027,13.35600623,10.1768426,16.53516985
6/1/2027,18.39312881,15.21397143,21.57228619
7/1/2027,21.56172572,18.38257511,24.74087634
8/1/2027,20.79747318,17.61836836,23.97657799
9/1/2027,16.45367156,13.27436674,19.63297637
10/1/2027,10.03253154,6.853168907,13.21189416
11/1/2027,4.088360433,0.910018411,7.266702455
12/1/2027,-2.624870104,-5.803829275,0.554089068
1/1/2028,-6.797921753,-9.978674991,-3.617168514
2/1/2028,-6.001133903,-9.181779697,-2.820488109
3/1/2028,-0.474657054,-3.655201827,2.705887719
4/1/2028,6.65237215,3.471819165,9.832925135
5/1/2028,13.36658587,10.18616127,16.54701046
6/1/2028,18.40370845,15.2232901,21.58412681
7/1/2028,21.57230536,18.39189377,24.75271695
8/1/2028,20.80805281,17.627687,23.98841862
9/1/2028,16.4642512,13.28368547,19.64481693
10/1/2028,10.04311117,6.862487651,13.2237347
11/1/2028,4.098940071,0.91933675,7.278543391
12/1/2028,-2.614290466,-5.794510691,0.56592976
1/1/2029,-6.787342115,-9.969355696,-3.605328533
2/1/2029,-5.990554265,-9.172460445,-2.808648085
3/1/2029,-0.464077416,-3.645882614,2.717727783
4/1/2029,6.662951788,3.481138381,9.844765196
5/1/2029,13.3771655,10.19548043,16.55885057
6/1/2029,18.41428809,15.23260926,21.59596692
7/1/2029,21.582885,18.40121293,24.76455707
8/1/2029,20.81863245,17.63700615,24.00025876
9/1/2029,16.47483083,13.29300469,19.65665698
10/1/2029,10.05369081,6.871806895,13.23557473
11/1/2029,4.109519709,0.92865559,7.290383828
12/1/2029,-2.603710827,-5.785191607,0.577769952
1/1/2030,-6.776762477,-9.960035902,-3.593489051
2/1/2030,-5.979974627,-9.163140693,-2.79680856
3/1/2030,-0.453497778,-3.636562903,2.729567347
4/1/2030,6.673531426,3.490458095,9.856604757
5/1/2030,13.38774514,10.2048001,16.57069018
6/1/2030,18.42486773,15.24192892,21.60780653
7/1/2030,21.59346464,18.41053259,24.77639669
8/1/2030,20.82921209,17.64632579,24.01209839
9/1/2030,16.48541047,13.30232441,19.66849654
10/1/2030,10.06427045,6.881126637,13.24741426
11/1/2030,4.120099347,0.937974929,7.302223765
12/1/2030,-2.593131189,-5.775872024,0.589609645
1/1/2031,-6.766182839,-9.95071561,-3.581650067
2/1/2031,-5.969394989,-9.153820443,-2.784969534
3/1/2031,-0.44291814,-3.627242693,2.741406413
4/1/2031,6.684111064,3.499778309,9.86844382
5/1/2031,13.39832478,10.21412026,16.5825293
6/1/2031,18.43544736,15.25124908,21.61964565
7/1/2031,21.60404428,18.41985275,24.78823581
8/1/2031,20.83979173,17.65564593,24.02393753
9/1/2031,16.49599011,13.31164462,19.6803356
10/1/2031,10.07485009,6.890446879,13.2592533
11/1/2031,4.130678985,0.947294767,7.314063203
12/1/2031,-2.582551551,-5.766551942,0.601448839
1/1/2032,-6.755603201,-9.94139482,-3.569811582
2/1/2032,-5.958815351,-9.144499695,-2.773131006
3/1/2032,-0.432338502,-3.617921985,2.753244981
4/1/2032,6.694690702,3.50909902,9.880282385
5/1/2032,13.40890442,10.22344092,16.59436791
6/1/2032,18.446027,15.26056974,21.63148427
7/1/2032,21.61462391,18.4291734,24.80007443
8/1/2032,20.85037137,17.66496656,24.03577617
9/1/2032,16.50656975,13.32096534,19.69217416
10/1/2032,10.08542973,6.899767618,13.27109183
11/1/2032,4.141258623,0.956615103,7.325902143
12/1/2032,-2.571971913,-5.757231362,0.613287536
1/1/2033,-6.745023563,-9.932073532,-3.557973593
2/1/2033,-5.948235713,-9.13517845,-2.761292975
3/1/2033,-0.421758864,-3.608600779,2.765083052
4/1/2033,6.70527034,3.518420229,9.892120452
5/1/2033,13.41948406,10.23276208,16.60620603
6/1/2033,18.45660664,15.26989089,21.64332239
7/1/2033,21.62520355,18.43849456,24.81191255
8/1/2033,20.860951,17.6742877,24.04761431
9/1/2033,16.51714939,13.33028655,19.70401222
10/1/2033,10.09600936,6.909088854,13.28292987
11/1/2033,4.151838261,0.965935937,7.337740585
12/1/2033,-2.561392275,-5.747910285,0.625125734
1/1/2034,-6.734443925,-9.922751748,-3.546136101
2/1/2034,-5.937656075,-9.125856708,-2.749455441
3/1/2034,-0.411179226,-3.599279077,2.776920626
4/1/2034,6.715849978,3.527741934,9.903958023
5/1/2034,13.43006369,10.24208373,16.61804365
6/1/2034,18.46718628,15.27921255,21.65516001
7/1/2034,21.63578319,18.4478162,24.82375018
8/1/2034,20.87153064,17.68360933,24.05945196
9/1/2034,16.52772902,13.33960826,19.71584978
10/1/2034,10.106589,6.918410587,13.29476742
11/1/2034,4.162417899,0.975257268,7.34957853
12/1/2034,-2.550812637,-5.738588711,0.636963436
1/1/2035,-6.723864287,-9.913429468,-3.534299105
2/1/2035,-5.927076437,-9.11653447,-2.737618403
3/1/2035,-0.400599588,-3.589956879,2.788757704
4/1/2035,6.726429616,3.537064135,9.915795098
5/1/2035,13.44064333,10.25140588,16.62988078
6/1/2035,18.47776592,15.28853469,21.66699714
7/1/2035,21.64636283,18.45713835,24.83558731
8/1/2035,20.88211028,17.69293146,24.0712891
9/1/2035,16.53830866,13.34893047,19.72768685
10/1/2035,10.11716864,6.927732816,13.30660446
11/1/2035,4.172997537,0.984579096,7.361415979
12/1/2035,-2.540232999,-5.72926664,0.648800642
1/1/2036,-6.713284648,-9.904106692,-3.522462605
2/1/2036,-5.916496798,-9.107211737,-2.72578186
3/1/2036,-0.390019949,-3.580634185,2.800594286
4/1/2036,6.737009254,3.546386832,9.927631677
5/1/2036,13.45122297,10.26072853,16.64171741
6/1/2036,18.48834556,15.29785734,21.67883377
7/1/2036,21.65694247,18.46646099,24.84742394
8/1/2036,20.89268992,17.70225408,24.08312576
9/1/2036,16.5488883,13.35825317,19.73952343
10/1/2036,10.12774828,6.937055541,13.31844101
11/1/2036,4.183577175,0.99390142,7.373252931
12/1/2036,-2.529653361,-5.719944074,0.660637352
1/1/2037,-6.70270501,-9.894783422,-3.510626599
2/1/2037,-5.90591716,-9.097888509,-2.713945812
3/1/2037,-0.379440311,-3.571310997,2.812430374
4/1/2037,6.747588892,3.555710024,9.939467761
5/1/2037,13.46180261,10.27005167,16.65355354
6/1/2037,18.49892519,15.30718048,21.69066991
7/1/2037,21.6675221,18.47578413,24.85926008
8/1/2037,20.90326956,17.7115772,24.09496191
9/1/2037,16.55946794,13.36757637,19.75135951
10/1/2037,10.13832792,6.946378761,13.33027707
11/1/2037,4.194156813,1.003224239,7.385089388
12/1/2037,-2.519073723,-5.710621013,0.672473566
1/1/2038,-6.692125372,-9.885459657,-3.498791088
2/1/2038,-5.895337522,-9.088564786,-2.702110259
3/1/2038,-0.368860673,-3.561987314,2.824265967
4/1/2038,6.75816853,3.56503371,9.95130335
5/1/2038,13.47238225,10.27937531,16.66538918
6/1/2038,18.50950483,15.31650411,21.70250555
7/1/2038,21.67810174,18.48510776,24.87109573
8/1/2038,20.91384919,17.72090081,24.10679758
9/1/2038,16.57004758,13.37690006,19.76319509
10/1/2038,10.14890755,6.955702475,13.34211263
11/1/2038,4.204736451,1.012547553,7.39692535
12/1/2038,-2.508494085,-5.701297457,0.684309286
1/1/2039,-6.681545734,-9.876135398,-3.48695607
2/1/2039,-5.884757884,-9.079240569,-2.690275199
3/1/2039,-0.358281035,-3.552663137,2.836101066
4/1/2039,6.768748169,3.574357891,9.963138446
5/1/2039,13.48296188,10.28869944,16.67722433
6/1/2039,18.52008447,15.32582824,21.7143407
7/1/2039,21.68868138,18.49443188,24.88293088
8/1/2039,20.92442883,17.73022492,24.11863275
9/1/2039,16.58062721,13.38622425,19.77503018
10/1/2039,10.15948719,6.965026682,13.3539477
11/1/2039,4.215316089,1.021871361,7.408760818
12/1/2039,-2.497914447,-5.691973407,0.696144513
1/1/2040,-6.670966096,-9.866810647,-3.475121546
2/1/2040,-5.874178246,-9.06991586,-2.678440633
3/1/2040,-0.347701397,-3.543338466,2.847935672
4/1/2040,6.779327807,3.583682564,9.974973049
5/1/2040,13.49354152,10.29802406,16.68905898
6/1/2040,18.53066411,15.33515286,21.72617536
7/1/2040,21.69926102,18.5037565,24.89476554
8/1/2040,20.93500847,17.73954952,24.13046742
9/1/2040,16.59120685,13.39554892,19.78686478
10/1/2040,10.17006683,6.974351383,13.36578228
11/1/2040,4.225895727,1.031195663,7.420595792
12/1/2040,-2.487334809,-5.682648864,0.707979245
1/1/2041,-6.660386458,-9.857485402,-3.463287514
2/1/2041,-5.863598608,-9.060590657,-2.666606559
3/1/2041,-0.337121759,-3.534013304,2.859769785
4/1/2041,6.789907445,3.59300773,9.986807159
5/1/2041,13.50412116,10.30734918,16.70089314
6/1/2041,18.54124375,15.34447797,21.73800952
7/1/2041,21.70984066,18.51308161,24.9065997
8/1/2041,20.94558811,17.74887461,24.14230161
9/1/2041,16.60178649,13.4048741,19.79869889
10/1/2041,10.18064647,6.983676577,13.37761636
11/1/2041,4.236475365,1.040520458,7.432430273
12/1/2041,-2.476755171,-5.673323827,0.719813485
1/1/2042,-6.64980682,-9.848159666,-3.451453974
2/1/2042,-5.85301897,-9.051264963,-2.654772977
3/1/2042,-0.326542121,-3.524687649,2.871603406
4/1/2042,6.800487083,3.602333388,9.998640777
5/1/2042,13.5147008,10.31667479,16.71272681
6/1/2042,18.55182338,15.35380358,21.74984319
7/1/2042,21.72042029,18.52240722,24.91843337
8/1/2042,20.95616775,17.7582002,24.1541353
9/1/2042,16.61236613,13.41419976,19.8105325
10/1/2042,10.19122611,6.993002263,13.38944995
11/1/2042,4.247055003,1.049845746,7.444264261
12/1/2042,-2.466175533,-5.663998299,0.731647233
1/1/2043,-6.639227182,-9.838833439,-3.439620926
2/1/2043,-5.842439332,-9.041938777,-2.642939887
3/1/2043,-0.315962483,-3.515361502,2.883436536
4/1/2043,6.811066721,3.611659538,10.0104739
5/1/2043,13.52528044,10.32600088,16.72455999
6/1/2043,18.56240302,15.36312968,21.76167637
7/1/2043,21.73099993,18.53173331,24.93026656
8/1/2043,20.96674738,17.76752627,24.1659685
9/1/2043,16.62294577,13.42352591,19.82236562
10/1/2043,10.20180574,7.00232844,13.40128305
11/1/2043,4.257634642,1.059171525,7.456097758
12/1/2043,-2.455595895,-5.654672279,0.743480489
1/1/2044,-6.628647544,-9.82950672,-3.427788368
2/1/2044,-5.831859694,-9.032612101,-2.631107288
3/1/2044,-0.305382845,-3.506034865,2.895269175
4/1/2044,6.821646359,3.620986178,10.02230654
5/1/2044,13.53586007,10.33532748,16.73639267
6/1/2044,18.57298266,15.37245626,21.77350906
7/1/2044,21.74157957,18.5410599,24.94209925
8/1/2044,20.97732702,17.77685284,24.1778012
9/1/2044,16.6335254,13.43285256,19.83419825
10/1/2044,10.21238538,7.011655107,13.41311566
11/1/2044,4.26821428,1.068497796,7.467930763
12/1/2044,-2.445016257,-5.645345768,0.755313255
1/1/2045,-6.618067906,-9.820179512,-3.415956301
2/1/2045,-5.821280056,-9.023284934,-2.619275178
3/1/2045,-0.294803207,-3.496707737,2.907101323
4/1/2045,6.832225997,3.630313309,10.03413868
5/1/2045,13.54643971,10.34465456,16.74822487
6/1/2045,18.5835623,15.38178334,21.78534125
7/1/2045,21.75215921,18.55038697,24.95393145
8/1/2045,20.98790666,17.7861799,24.18963342
9/1/2045,16.64410504,13.44217969,19.84603039
10/1/2045,10.22296502,7.020982266,13.42494777
11/1/2045,4.278793918,1.077824557,7.479763278
12/1/2045,-2.434436619,-5.636018767,0.767145529
1/1/2046,-6.607488268,-9.810851813,-3.404124723
2/1/2046,-5.810700418,-9.013957277,-2.607443559
3/1/2046,-0.284223569,-3.48738012,2.918932982
4/1/2046,6.842805635,3.63964093,10.04597034
5/1/2046,13.55701935,10.35398213,16.76005657
6/1/2046,18.59414194,15.39111091,21.79717296
7/1/2046,21.76273885,18.55971454,24.96576316
8/1/2046,20.9984863,17.79550745,24.20146515
9/1/2046,16.65468468,13.45150732,19.85786204
10/1/2046,10.23354466,7.030309914,13.4367794
11/1/2046,4.289373556,1.087151809,7.491595302
12/1/2046,-2.423856981,-5.626691275,0.778977314
1/1/2047,-6.59690863,-9.801523626,-3.392293634
2/1/2047,-5.80012078,-9.004629132,-2.595612429
3/1/2047,-0.273643931,-3.478052013,2.930764151
4/1/2047,6.853385273,3.648969039,10.05780151
5/1/2047,13.56759899,10.36331019,16.77188779
6/1/2047,18.60472157,15.40043897,21.80900418
7/1/2047,21.77331848,18.56904259,24.97759438
8/1/2047,21.00906594,17.80483548,24.21329639
9/1/2047,16.66526432,13.46083543,19.8696932
10/1/2047,10.2441243,7.039638051,13.44861054
11/1/2047,4.299953194,1.096479551,7.503426837
12/1/2047,-2.413277343,-5.617363295,0.790808609
1/1/2048,-6.586328992,-9.79219495,-3.380463034
2/1/2048,-5.789541142,-8.995300497,-2.583781787
3/1/2048,-0.263064293,-3.468723418,2.942594832
4/1/2048,6.863964911,3.658297638,10.06963218
5/1/2048,13.57817863,10.37263874,16.78371852
6/1/2048,18.61530121,15.40976751,21.82083491
7/1/2048,21.78389812,18.57837114,24.98942511
8/1/2048,21.01964557,17.81416401,24.22512714
9/1/2048,16.67584396,13.47016404,19.88152388
10/1/2048,10.25470393,7.048966677,13.46044119
11/1/2048,4.310532832,1.105807781,7.515257882
12/1/2048,-2.402697705,-5.608034825,0.802639416
1/1/2049,-6.575749354,-9.782865786,-3.368632922
2/1/2049,-5.778961504,-8.985971375,-2.571951633
3/1/2049,-0.252484655,-3.459394335,2.954425025
4/1/2049,6.874544549,3.667626724,10.08146237
5/1/2049,13.58875826,10.38196777,16.79554876
6/1/2049,18.62588085,15.41909655,21.83266515
7/1/2049,21.79447776,18.58770017,25.00125535
8/1/2049,21.03022521,17.82349302,24.2369574
9/1/2049,16.6864236,13.47949313,19.89335406
10/1/2049,10.26528357,7.05829579,13.47227135
11/1/2049,4.32111247,1.1151365,7.52708844
12/1/2049,-2.392118067,-5.598705868,0.814469734
1/1/2050,-6.565169716,-9.773536135,-3.356803297
2/1/2050,-5.768381866,-8.976641765,-2.560121967
3/1/2050,-0.241905017,-3.450064764,2.966254731
4/1/2050,6.885124187,3.676956298,10.09329208
5/1/2050,13.5993379,10.3912973,16.80737851
6/1/2050,18.63646049,15.42842607,21.84449491
7/1/2050,21.8050574,18.59702969,25.01308511
8/1/2050,21.04080485,17.83282253,24.24878718
9/1/2050,16.69700323,13.48882271,19.90518376
10/1/2050,10.27586321,7.067625391,13.48410103
11/1/2050,4.331692108,1.124465707,7.538918509
12/1/2050,-2.381538429,-5.589376422,0.826299565
1/1/2051,-6.554590078,-9.764205997,-3.344974159
2/1/2051,-5.757802228,-8.967311669,-2.548292787
3/1/2051,-0.231325379,-3.440734707,2.978083949
4/1/2051,6.895703825,3.686286359,10.10512129
5/1/2051,13.60991754,10.40062731,16.81920777
6/1/2051,18.64704013,15.43775608,21.85632417
7/1/2051,21.81563704,18.60635969,25.02491438
8/1/2051,21.05138449,17.84215251,24.26061646
9/1/2051,16.70758287,13.49815277,19.91701297
10/1/2051,10.28644285,7.076955479,13.49593022
11/1/2051,4.342271746,1.133795401,7.550748091
12/1/2051,-2.370958791,-5.58004649,0.838128909
1/1/2052,-6.54401044,-9.754875372,-3.333145507
2/1/2052,-5.74722259,-8.957981086,-2.536464094
3/1/2052,-0.220745741,-3.431404163,2.989912681
4/1/2052,6.906283463,3.695616906,10.11695002
5/1/2052,13.62049718,10.40995781,16.83103655
6/1/2052,18.65761976,15.44708657,21.86815295
7/1/2052,21.82621668,18.61569019,25.03674316
8/1/2052,21.06196413,17.85148299,24.27244527
9/1/2052,16.71816251,13.50748333,19.92884169
10/1/2052,10.29702249,7.086286054,13.50775892
11/1/2052,4.352851384,1.143125582,7.562577186
12/1/2052,-2.360379153,-5.570716071,0.849957766
1/1/2053,-6.533430802,-9.745544262,-3.321317341
2/1/2053,-5.736642952,-8.948650017,-2.524635887
3/1/2053,-0.210166103,-3.422073133,3.001740927
4/1/2053,6.916863101,3.704947939,10.12877826
5/1/2053,13.63107682,10.41928879,16.84286484
6/1/2053,18.6681994,15.45641755,21.87998125
7/1/2053,21.83679631,18.62502116,25.04857146
8/1/2053,21.07254377,17.86081395,24.28427358
9/1/2053,16.72874215,13.51681436,19.94066993
10/1/2053,10.30760212,7.095617114,13.51958713
11/1/2053,4.363431022,1.152456249,7.574405795
12/1/2053,-2.349799515,-5.561385167,0.861786138
1/1/2054,-6.522851164,-9.736212667,-3.30948966
2/1/2054,-5.726063314,-8.939318463,-2.512808164
3/1/2054,-0.199586465,-3.412741618,3.013568689
4/1/2054,6.927442739,3.714279457,10.14060602
5/1/2054,13.64165645,10.42862026,16.85469265
6/1/2054,18.67877904,15.46574902,21.89180906
7/1/2054,21.84737595,18.63435263,25.06039927
8/1/2054,21.0831234,17.8701454,24.29610141
9/1/2054,16.73932179,13.52614589,19.95249768
10/1/2054,10.31818176,7.104948659,13.53141487
11/1/2054,4.37401066,1.161787401,7.586233919
12/1/2054,-2.339219876,-5.552053777,0.873614024
1/1/2055,-6.512271526,-9.726880588,-3.297662464
2/1/2055,-5.715483676,-8.929986425,-2.500980926
3/1/2055,-0.189006827,-3.403409619,3.025395965
4/1/2055,6.938022377,3.72361146,10.15243329
5/1/2055,13.65223609,10.43795221,16.86651997
6/1/2055,18.68935868,15.47508097,21.90363638
7/1/2055,21.85795559,18.64368458,25.0722266
8/1/2055,21.09370304,17.87947733,24.30792876
9/1/2055,16.74990142,13.53547789,19.96432495
10/1/2055,10.3287614,7.114280689,13.54324211
11/1/2055,4.384590298,1.171119039,7.598061557
12/1/2055,-2.328640238,-5.542721902,0.885441425
1/1/2056,-6.501691888,-9.717548024,-3.285835751
2/1/2056,-5.704904038,-8.920653903,-2.489154173
3/1/2056,-0.178427189,-3.394077135,3.037222758
4/1/2056,6.948602015,3.732943946,10.16426008
5/1/2056,13.66281573,10.44728465,16.87834681
6/1/2056,18.69993832,15.48441341,21.91546322
7/1/2056,21.86853523,18.65301701,25.08405345
8/1/2056,21.10428268,17.88880974,24.31975562
9/1/2056,16.76048106,13.54481039,19.97615174
10/1/2056,10.33934104,7.123613202,13.55506887
11/1/2056,4.395169936,1.180451161,7.609888711
12/1/2056,-2.3180606,-5.533389543,0.897268342
1/1/2057,-6.49111225,-9.708214977,-3.274009522
2/1/2057,-5.6943244,-8.911320897,-2.477327903
3/1/2057,-0.167847551,-3.384744168,3.049049067
4/1/2057,6.959181653,3.742276917,10.17608639
5/1/2057,13.67339537,10.45661757,16.89017317
6/1/2057,18.71051795,15.49374633,21.92728958
7/1/2057,21.87911487,18.66234992,25.09587981
8/1/2057,21.11486232,17.89814264,24.33158199
9/1/2057,16.7710607,13.55414336,19.98797804
10/1/2057,10.34992068,7.1329462,13.56689515
11/1/2057,4.405749574,1.189783767,7.621715381
12/1/2057,-2.307480962,-5.5240567,0.909094775
1/1/2058,-6.480532612,-9.698881447,-3.262183776
2/1/2058,-5.683744762,-8.901987408,-2.465502115
3/1/2058,-0.157267913,-3.375410718,3.060874893
4/1/2058,6.969761291,3.75161037,10.18791221
5/1/2058,13.68397501,10.46595097,16.90199904
6/1/2058,18.72109759,15.50307973,21.93911546
7/1/2058,21.8896945,18.67168332,25.10770568
8/1/2058,21.12544196,17.90747602,24.34340789
9/1/2058,16.78164034,13.56347682,19.99980386
10/1/2058,10.36050031,7.14227968,13.57872095
11/1/2058,4.416329212,1.199116857,7.633541567
12/1/2058,-2.296901324,-5.514723374,0.920920726
1/1/2059,-6.469952974,-9.689547435,-3.250358512
2/1/2059,-5.673165124,-8.892653437,-2.45367681
3/1/2059,-0.146688275,-3.366076785,3.072700236
4/1/2059,6.980340929,3.760944305,10.19973755
5/1/2059,13.69455464,10.47528486,16.91382443
6/1/2059,18.73167723,15.51241361,21.95094085
7/1/2059,21.90027414,18.68101721,25.11953108
8/1/2059,21.13602159,17.91680989,24.3552333
9/1/2059,16.79221998,13.57281076,20.01162919
10/1/2059,10.37107995,7.151613643,13.59054626
11/1/2059,4.42690885,1.208450429,7.645367271
12/1/2059,-2.286321686,-5.505389566,0.932746193
1/1/2060,-6.459373336,-9.680212941,-3.23853373
2/1/2060,-5.662585485,-8.883318984,-2.441851987
3/1/2060,-0.136108636,-3.356742371,3.084525098
4/1/2060,6.990920567,3.770278723,10.21156241
5/1/2060,13.70513428,10.48461923,16.92564934
6/1/2060,18.74225687,15.52174798,21.96276576
7/1/2060,21.91085378,18.69035157,25.13135599
8/1/2060,21.14660123,17.92614423,24.36705823
9/1/2060,16.80279961,13.58214518,20.02345405
10/1/2060,10.38165959,7.160948087,13.60237109
11/1/2060,4.437488488,1.217784484,7.657192493
12/1/2060,-2.275742048,-5.496055276,0.944571179
1/1/2061,-6.448793697,-9.670877966,-3.226709429
2/1/2061,-5.652005847,-8.87398405,-2.430027645
3/1/2061,-0.125528998,-3.347407476,3.096349479
4/1/2061,7.001500205,3.779613621,10.22338679
5/1/2061,13.71571392,10.49395408,16.93747376
6/1/2061,18.75283651,15.53108282,21.97459019
7/1/2061,21.92143342,18.69968641,25.14318042
8/1/2061,21.15718087,17.93547906,24.37888268
9/1/2061,16.81337925,13.59148009,20.03527842
10/1/2061,10.39223923,7.170283013,13.61419544
11/1/2061,4.448068126,1.22711902,7.669017232
12/1/2061,-2.26516241,-5.486720504,0.956395683
1/1/2062,-6.438214059,-9.66154251,-3.214885608
2/1/2062,-5.641426209,-8.864648635,-2.418203784
3/1/2062,-0.11494936,-3.338072099,3.108173378
4/1/2062,7.012079843,3.788949001,10.23521069
5/1/2062,13.72629356,10.50328941,16.94929771
6/1/2062,18.76341614,15.54041815,21.98641414
7/1/2062,21.93201306,18.70902174,25.15500437
8/1/2062,21.16776051,17.94481437,24.39070665
9/1/2062,16.82395889,13.60081547,20.04710231
10/1/2062,10.40281887,7.179618419,13.62601931
11/1/2062,4.458647764,1.236454037,7.680841491
12/1/2062,-2.254582772,-5.477385251,0.968219707
1/1/2063,-6.427634421,-9.652206575,-3.203062268
2/1/2063,-5.630846571,-8.85531274,-2.406380402
3/1/2063,-0.104369722,-3.328736243,3.119996798
4/1/2063,7.022659482,3.79828486,10.2470341
5/1/2063,13.7368732,10.51262522,16.96112117
6/1/2063,18.77399578,15.54975396,21.9982376
7/1/2063,21.94259269,18.71835754,25.16682784
8/1/2063,21.17834015,17.95415015,24.40253014
9/1/2063,16.83453853,13.61015133,20.05892572
10/1/2063,10.4133985,7.188954305,13.6378427
11/1/2063,4.469227402,1.245789535,7.692665269
12/1/2063,-2.244003134,-5.468049518,0.98004325
1/1/2064,-6.417054783,-9.642870159,-3.191239407
2/1/2064,-5.620266933,-8.845976366,-2.394557501
3/1/2064,-0.093790084,-3.319399907,3.131819738
4/1/2064,7.03323912,3.807621199,10.25885704
5/1/2064,13.74745283,10.52196151,16.97294416
6/1/2064,18.78457542,15.55909025,22.01006059
7/1/2064,21.95317233,18.72769383,25.17865083
8/1/2064,21.18891978,17.96348642,24.41435314
9/1/2064,16.84511817,13.61948768,20.07074865
10/1/2064,10.42397814,7.198290671,13.64966561
11/1/2064,4.47980704,1.255125513,7.704488567
12/1/2064,-2.233423496,-5.458713306,0.991866314
1/1/2065,-6.406475145,-9.633533265,-3.179417025
2/1/2065,-5.609687295,-8.836639513,-2.382735078
3/1/2065,-0.083210446,-3.310063092,3.143642199
4/1/2065,7.043818758,3.816958018,10.2706795
5/1/2065,13.75803247,10.53129828,16.98476667
6/1/2065,18.79515506,15.56842702,22.0218831
7/1/2065,21.96375197,18.73703059,25.19047334
8/1/2065,21.19949942,17.97282317,24.42617567
9/1/2065,16.8556978,13.6288245,20.08257111
10/1/2065,10.43455778,7.207627516,13.66148805
11/1/2065,4.490386678,1.264461971,7.716311386
12/1/2065,-2.222843858,-5.449376614,1.003688898
1/1/2066,-6.395895507,-9.624195893,-3.167595122
2/1/2066,-5.599107657,-8.827302181,-2.370913134
3/1/2066,-0.072630808,-3.300725798,3.155464182
4/1/2066,7.054398396,3.826295314,10.28250148
5/1/2066,13.76861211,10.54063553,16.99658869
6/1/2066,18.8057347,15.57776426,22.03370513
7/1/2066,21.97433161,18.74636784,25.20229538
8/1/2066,21.21007906,17.9821604,24.43799772
9/1/2066,16.86627744,13.6381618,20.09439308
10/1/2066,10.44513742,7.216964839,13.67331
11/1/2066,4.500966316,1.273798907,7.728133726
12/1/2066,-2.21226422,-5.440039444,1.015511004
1/1/2067,-6.385315869,-9.614858042,-3.155773696
2/1/2067,-5.588528019,-8.817964371,-2.359091667
3/1/2067,-0.06205117,-3.291388027,3.167285686
4/1/2067,7.064978034,3.835633089,10.29432298
5/1/2067,13.77919175,10.54997325,17.00841024
6/1/2067,18.81631433,15.58710199,22.04552668
7/1/2067,21.98491125,18.75570556,25.21411693
8/1/2067,21.2206587,17.9914981,24.4498193
9/1/2067,16.87685708,13.64749958,20.10621458
10/1/2067,10.45571706,7.226302641,13.68513147
11/1/2067,4.511545955,1.283136322,7.739955587
12/1/2067,-2.201684582,-5.430701795,1.027332631
1/1/2068,-6.374736231,-9.605519714,-3.143952748
2/1/2068,-5.577948381,-8.808626084,-2.347270678
3/1/2068,-0.051471532,-3.282049778,3.179106714
4/1/2068,7.075557672,3.844971341,10.306144
5/1/2068,13.78977139,10.55931146,17.02023132
6/1/2068,18.82689397,15.59644019,22.05734776
7/1/2068,21.99549088,18.76504376,25.22593801
8/1/2068,21.23123834,18.00083628,24.46164039
9/1/2068,16.88743672,13.65683784,20.1180356
10/1/2068,10.46629669,7.235640919,13.69695247
11/1/2068,4.522125593,1.292474214,7.751776971
12/1/2068,-2.191104944,-5.421363669,1.039153781
1/1/2069,-6.364156593,-9.59618091,-3.132132276
2/1/2069,-5.567368743,-8.79928732,-2.335450166
3/1/2069,-0.040891894,-3.272711052,3.190927264
4/1/2069,7.08613731,3.85431007,10.31796455
5/1/2069,13.80035102,10.56865014,17.03205191
6/1/2069,18.83747361,15.60577886,22.06916836
7/1/2069,22.00607052,18.77438243,25.23775861
8/1/2069,21.24181797,18.01017494,24.47346101
9/1/2069,16.89801636,13.66617657,20.12985614
10/1/2069,10.47687633,7.244979675,13.70877299
11/1/2069,4.532705231,1.301812584,7.763597877
12/1/2069,-2.180525306,-5.412025066,1.050974454
1/1/2070,-6.353576955,-9.586841629,-3.120312281
2/1/2070,-5.556789105,-8.78994808,-2.32363013
3/1/2070,-0.030312256,-3.26337185,3.202747338
4/1/2070,7.096716948,3.863649275,10.32978462
5/1/2070,13.81093066,10.57798929,17.04387203
6/1/2070,18.84805325,15.61511802,22.08098848
7/1/2070,22.01665016,18.78372158,25.24957874
8/1/2070,21.25239761,18.01951407,24.48528115
9/1/2070,16.90859599,13.67551578,20.14167621
10/1/2070,10.48745597,7.254318907,13.72059304
11/1/2070,4.543284869,1.31115143,7.775418307
12/1/2070,-2.169945668,-5.402685987,1.062794651
1/1/2071,-6.342997317,-9.577501873,-3.108492761
2/1/2071,-5.546209467,-8.780608364,-2.31181057
3/1/2071,-0.019732618,-3.254032173,3.214566937
4/1/2071,7.107296586,3.872988956,10.34160422
5/1/2071,13.8215103,10.58732893,17.05569168
6/1/2071,18.85863289,15.62445765,22.09280812
7/1/2071,22.0272298,18.79306121,25.26139838
8/1/2071,21.26297725,18.02885368,24.49710082
9/1/2071,16.91917563,13.68485547,20.1534958
10/1/2071,10.49803561,7.263658614,13.7324126
11/1/2071,4.553864507,1.320490753,7.787238261
12/1/2071,-2.15936603,-5.393346431,1.074614372
1/1/2072,-6.332417679,-9.568161641,-3.096673717
2/1/2072,-5.535629829,-8.771268173,-2.299991485
3/1/2072,-0.00915298,-3.24469202,3.22638606
4/1/2072,7.117876224,3.882329112,10.35342334
5/1/2072,13.83208994,10.59666903,17.06751084
6/1/2072,18.86921252,15.63379775,22.1046273
7/1/2072,22.03780944,18.80240131,25.27321756
8/1/2072,21.27355689,18.03819377,24.50892001
9/1/2072,16.92975527,13.69419563,20.16531491
10/1/2072,10.50861525,7.272998797,13.7442317
11/1/2072,4.564444145,1.329830551,7.799057738
12/1/2072,-2.148786392,-5.384006401,1.086433617
1/1/2073,-6.321838041,-9.558820935,-3.084855147
2/1/2073,-5.525050191,-8.761927508,-2.288172874
3/1/2073,0.001426658,-3.235351392,3.238204708
4/1/2073,7.128455862,3.891669742,10.36524198
5/1/2073,13.84266958,10.60600962,17.07932954
6/1/2073,18.87979216,15.64313833,22.11644599
7/1/2073,22.04838907,18.81174189,25.28503626
8/1/2073,21.28413653,18.04753433,24.52073872
9/1/2073,16.94033491,13.70353626,20.17713355
10/1/2073,10.51919489,7.282339454,13.75605032
11/1/2073,4.575023783,1.339170824,7.810876741
12/1/2073,-2.138206754,-5.374665895,1.098252388
1/1/2074,-6.311258403,-9.549479755,-3.07303705
2/1/2074,-5.514470553,-8.752586368,-2.276354738
3/1/2074,0.012006296,-3.22601029,3.250022883
4/1/2074,7.1390355,3.901010847,10.37706015
5/1/2074,13.85324921,10.61535067,17.09114776
6/1/2074,18.8903718,15.65247939,22.12826421
7/1/2074,22.05896871,18.82108294,25.29685448
8/1/2074,21.29471616,18.05687536,24.53255696
9/1/2074,16.95091455,13.71287737,20.18895172
10/1/2074,10.52977452,7.291680585,13.76786846
11/1/2074,4.585603421,1.348511572,7.82269527
12/1/2074,-2.127627116,-5.365324916,1.110070684
1/1/2075,-6.300678765,-9.540138102,-3.061219428
2/1/2075,-5.503890915,-8.743244755,-2.264537075
3/1/2075,0.022585934,-3.216668715,3.261840584
4/1/2075,7.149615138,3.910352425,10.38887785
5/1/2075,13.86382885,10.6246922,17.1029655
6/1/2075,18.90095144,15.66182092,22.14008196
7/1/2075,22.06954835,18.83042447,25.30867223
8/1/2075,21.3052958,18.06621687,24.54437473
9/1/2075,16.96149418,13.72221896,20.20076941
10/1/2075,10.54035416,7.30102219,13.77968613
11/1/2075,4.596183059,1.357852794,7.834513324
12/1/2075,-2.117047478,-5.355983462,1.121888507
1/1/2076,-6.290099127,-9.530795976,-3.049402278
2/1/2076,-5.493311277,-8.733902669,-2.252719885
3/1/2076,0.033165572,-3.207326667,3.273657811
4/1/2076,7.160194776,3.919694476,10.40069508
5/1/2076,13.87440849,10.63403421,17.11478278
6/1/2076,18.91153108,15.67116292,22.15189924
7/1/2076,22.08012799,18.83976647,25.32048951
8/1/2076,21.31587544,18.07555885,24.55619203
9/1/2076,16.97207382,13.73156101,20.21258663
10/1/2076,10.5509338,7.310364268,13.79150333
11/1/2076,4.606762697,1.367194489,7.846330905
12/1/2076,-2.10646784,-5.346641536,1.133705857
1/1/2077,-6.279519489,-9.521453377,-3.037585601
2/1/2077,-5.482731639,-8.72456011,-2.240903167
3/1/2077,0.04374521,-3.197984146,3.285474567
4/1/2077,7.170774414,3.929037,10.41251183
5/1/2077,13.88498813,10.64337668,17.12659958
6/1/2077,18.92211071,15.68050539,22.16371604
7/1/2077,22.09070763,18.84910894,25.33230631
8/1/2077,21.32645508,18.08490131,24.56800885
9/1/2077,16.98265346,13.74090354,20.22440338
10/1/2077,10.56151344,7.319706818,13.80332006
11/1/2077,4.617342335,1.376536657,7.858148013
12/1/2077,-2.095888202,-5.337299137,1.145522734
1/1/2078,-6.268939851,-9.512110306,-3.025769395
2/1/2078,-5.472152001,-8.71521708,-2.229086922
3/1/2078,0.054324848,-3.188641154,3.29729085
4/1/2078,7.181354052,3.938379996,10.42432811
5/1/2078,13.89556777,10.65271963,17.13841591
6/1/2078,18.93269035,15.68984834,22.17553237
7/1/2078,22.10128726,18.85845188,25.34412265
8/1/2078,21.33703472,18.09424423,24.5798252
9/1/2078,16.9932331,13.75024654,20.23621965
10/1/2078,10.57209308,7.32904984,13.81513631
11/1/2078,4.627921973,1.385879297,7.869964649
12/1/2078,-2.085308563,-5.327956266,1.157339139
1/1/2079,-6.258360213,-9.502766764,-3.013953661
2/1/2079,-5.461572363,-8.705873578,-2.217271148
3/1/2079,0.064904486,-3.17929769,3.309106662
4/1/2079,7.19193369,3.947723463,10.43614392
5/1/2079,13.90614741,10.66206305,17.15023176
6/1/2079,18.94326999,15.69919175,22.18734823
7/1/2079,22.1118669,18.86779529,25.35593851
8/1/2079,21.34761435,18.10358763,24.59164108
9/1/2079,17.00381274,13.75959001,20.24803546
10/1/2079,10.58267271,7.338393333,13.82695209
11/1/2079,4.638501611,1.395222409,7.881780813
12/1/2079,-2.074728925,-5.318612923,1.169155072
1/1/2080,-6.247780575,-9.493422752,-3.002138398
2/1/2080,-5.450992725,-8.696529605,-2.205455844
3/1/2080,0.075484124,-3.169953755,3.320922003
4/1/2080,7.202513328,3.957067401,10.44795926
5/1/2080,13.91672704,10.67140694,17.16204715
6/1/2080,18.95384963,15.70853564,22.19916362
7/1/2080,22.12244654,18.87713918,25.3677539
8/1/2080,21.35819399,18.1129315,24.60345649
9/1/2080,17.01439237,13.76893396,20.25985079
10/1/2080,10.59325235,7.347737298,13.83876741
11/1/2080,4.649081249,1.404565992,7.893596506
12/1/2080,-2.064149287,-5.309269109,1.180970534
1/1/2081,-6.237200937,-9.484078269,-2.990323605
2/1/2081,-5.440413087,-8.687185162,-2.193641011
3/1/2081,0.086063762,-3.16060935,3.332736874
4/1/2081,7.213092966,3.966411809,10.45977412
5/1/2081,13.92730668,10.6807513,17.17386206
6/1/2081,18.96442927,15.71788,22.21097854
7/1/2081,22.13302618,18.88648354,25.37956882
8/1/2081,21.36877363,18.12227584,24.61527143
9/1/2081,17.02497201,13.77827837,20.27166566
10/1/2081,10.60383199,7.357081732,13.85058225
11/1/2081,4.659660887,1.413910046,7.905411728
12/1/2081,-2.053569649,-5.299924825,1.192785526
1/1/2082,-6.226621299,-9.474733316,-2.978509281
2/1/2082,-5.429833449,-8.67784025,-2.181826647
3/1/2082,0.0966434,-3.151264475,3.344551275
4/1/2082,7.223672604,3.975756687,10.47158852
5/1/2082,13.93788632,10.69009613,17.18567651
6/1/2082,18.9750089,15.72722483,22.22279298
7/1/2082,22.14360582,18.89582836,25.39138327
8/1/2082,21.37935327,18.13162064,24.62708589
9/1/2082,17.03555165,13.78762325,20.28348005
10/1/2082,10.61441163,7.366426636,13.86239662
11/1/2082,4.670240525,1.423254571,7.91722648
12/1/2082,-2.042990011,-5.290580071,1.204600048
1/1/2083,-6.216041661,-9.465387894,-2.966695427
2/1/2083,-5.419253811,-8.668494868,-2.170012753
3/1/2083,0.107223038,-3.14191913,3.356365207
4/1/2083,7.234252242,3.985102035,10.48340245
5/1/2083,13.94846596,10.69944143,17.19749049
6/1/2083,18.98558854,15.73657012,22.23460696
7/1/2083,22.15418545,18.90517366,25.40319725
8/1/2083,21.38993291,18.14096592,24.63889989
9/1/2083,17.04613129,13.7969686,20.29529397
10/1/2083,10.62499127,7.37577201,13.87421052
11/1/2083,4.680820163,1.432599565,7.929040762
12/1/2083,-2.032410373,-5.281234847,1.216414101
1/1/2084,-6.205462023,-9.456042004,-2.954882041
2/1/2084,-5.408674173,-8.659149018,-2.158199327
3/1/2084,0.117802676,-3.132573318,3.36817867
4/1/2084,7.24483188,3.994447851,10.49521591
5/1/2084,13.9590456,10.7087872,17.20930399
6/1/2084,18.99616818,15.74591589,22.24642047
7/1/2084,22.16476509,18.91451942,25.41501077
8/1/2084,21.40051254,18.15031167,24.65071342
9/1/2084,17.05671093,13.80631442,20.30710743
10/1/2084,10.6355709,7.385117852,13.88602396
11/1/2084,4.691399801,1.441945028,7.940854575
12/1/2084,-2.021830735,-5.271889155,1.228227685
1/1/2085,-6.194882385,-9.446695645,-2.943069124
2/1/2085,-5.398094534,-8.649802699,-2.14638637
3/1/2085,0.128382315,-3.123227036,3.379991665
4/1/2085,7.255411518,4.003794135,10.5070289
5/1/2085,13.96962523,10.71813343,17.22111703
6/1/2085,19.00674782,15.75526212,22.25823352
7/1/2085,22.17534473,18.92386565,25.42682381
8/1/2085,21.41109218,18.15965788,24.66252648
9/1/2085,17.06729056,13.81566071,20.31892042
10/1/2085,10.64615054,7.394464162,13.89783692
11/1/2085,4.701979439,1.451290959,7.952667919
12/1/2085,-2.011251097,-5.262542994,1.2400408
1/1/2086,-6.184302746,-9.437348819,-2.931256674
2/1/2086,-5.387514896,-8.640455913,-2.13457388
3/1/2086,0.138961953,-3.113880288,3.391804193
4/1/2086,7.265991156,4.013140886,10.51884143
5/1/2086,13.98020487,10.72748014,17.23292961
6/1/2086,19.01732746,15.76460882,22.27004609
7/1/2086,22.18592437,18.93321235,25.43863639
8/1/2086,21.42167182,18.16900456,24.67433908
9/1/2086,17.0778702,13.82500747,20.33073293
10/1/2086,10.65673018,7.40381094,13.90964942
11/1/2086,4.712559077,1.460637359,7.964480796
12/1/2086,-2.000671459,-5.253196366,1.251853448
1/1/2087,-6.173723108,-9.428001526,-2.91944469
2/1/2087,-5.376935258,-8.63110866,-2.122761857
3/1/2087,0.149541591,-3.104533072,3.403616253
4/1/2087,7.276570794,4.022488105,10.53065348
5/1/2087,13.99078451,10.73682731,17.24474171
6/1/2087,19.0279071,15.77395599,22.2818582
7/1/2087,22.19650401,18.94255952,25.4504485
8/1/2087,21.43225146,18.17835171,24.6861512
9/1/2087,17.08844984,13.83435469,20.34254499
10/1/2087,10.66730982,7.413158185,13.92146145
11/1/2087,4.723138715,1.469984226,7.976293205
12/1/2087,-1.990091821,-5.24384927,1.263665628
1/1/2088,-6.16314347,-9.418653767,-2.907633174
2/1/2088,-5.36635562,-8.62176094,-2.110950301
3/1/2088,0.160121229,-3.095185389,3.415427847
4/1/2088,7.287150433,4.031835791,10.54246507
5/1/2088,14.00136415,10.74617495,17.25655335
6/1/2088,19.03848673,15.78330363,22.29366984
7/1/2088,22.20708364,18.95190715,25.46226014
8/1/2088,21.4428311,18.18769933,24.69796286
9/1/2088,17.09902948,13.84370238,20.35435657
10/1/2088,10.67788946,7.422505897,13.93327301
11/1/2088,4.733718353,1.47933156,7.988105147
12/1/2088,-1.979512183,-5.234501708,1.275477342
1/1/2089,-6.152563832,-9.409305541,-2.895822123
2/1/2089,-5.355775982,-8.612412754,-2.099139211
3/1/2089,0.170700867,-3.085837241,3.427238974
4/1/2089,7.297730071,4.041183942,10.5542762
5/1/2089,14.01194379,10.75552305,17.26836452
6/1/2089,19.04906637,15.79265173,22.30548101
7/1/2089,22.21766328,18.96125525,25.47407132
8/1/2089,21.45341073,18.19704741,24.70977406
9/1/2089,17.10960912,13.85305054,20.36616769
10/1/2089,10.68846909,7.431854075,13.94508411
11/1/2089,4.744297991,1.488679361,7.999916622
12/1/2089,-1.968932545,-5.225153679,1.287288589
1/1/2090,-6.141984194,-9.39995685,-2.884011538
2/1/2090,-5.345196344,-8.603064103,-2.087328586
3/1/2090,0.181280505,-3.076488627,3.439049636
4/1/2090,7.308309709,4.050532559,10.56608686
5/1/2090,14.02252342,10.76487162,17.28017523
6/1/2090,19.05964601,15.8020003,22.31729172
7/1/2090,22.22824292,18.97060381,25.48588203
8/1/2090,21.46399037,18.20639596,24.72158478
9/1/2090,17.12018875,13.86239916,20.37797835
10/1/2090,10.69904873,7.441202718,13.95689475
11/1/2090,4.754877629,1.498027627,8.011727632
12/1/2090,-1.958352907,-5.215805185,1.299099371
1/1/2091,-6.131404556,-9.390607695,-2.872201418
2/1/2091,-5.334616706,-8.593714986,-2.075518426
3/1/2091,0.191860143,-3.067139548,3.450859833
4/1/2091,7.318889347,4.059881641,10.57789705
5/1/2091,14.03310306,10.77422065,17.29198547
6/1/2091,19.07022565,15.81134933,22.32910196
7/1/2091,22.23882256,18.97995284,25.49769227
8/1/2091,21.47457001,18.21574497,24.73339505
9/1/2091,17.13076839,13.87174825,20.38978854
10/1/2091,10.70962837,7.450551826,13.96870491
11/1/2091,4.765457267,1.507376359,8.023538176
12/1/2091,-1.947773269,-5.206456226,1.310909688
1/1/2092,-6.120824918,-9.381258074,-2.860391762
2/1/2092,-5.324037068,-8.584365406,-2.063708731
3/1/2092,0.202439781,-3.057790004,3.462669566
4/1/2092,7.329468985,4.069231188,10.58970678
5/1/2092,14.0436827,10.78357015,17.30379525
6/1/2092,19.08080529,15.82069883,22.34091174
7/1/2092,22.2494022,18.98930234,25.50950206
8/1/2092,21.48514965,18.22509445,24.74520485
9/1/2092,17.14134803,13.8810978,20.40159826
10/1/2092,10.72020801,7.459901398,13.98051462
11/1/2092,4.776036906,1.516725556,8.035348255
12/1/2092,-1.937193631,-5.197106802,1.32271954
1/1/2093,-6.11024528,-9.37190799,-2.84858257
2/1/2093,-5.31345743,-8.575015361,-2.051899499
3/1/2093,0.213019419,-3.048439997,3.474478835
4/1/2093,7.340048623,4.078581198,10.60151605
5/1/2093,14.05426234,10.79292012,17.31560456
6/1/2093,19.09138492,15.83004879,22.35272106
7/1/2093,22.25998183,18.9986523,25.52131137
8/1/2093,21.49572929,18.23444439,24.75701418
9/1/2093,17.15192767,13.89044782,20.41340752
10/1/2093,10.73078765,7.469251434,13.99232386
11/1/2093,4.786616544,1.526075217,8.04715787
12/1/2093,-1.926613993,-5.187756914,1.334528928
1/1/2094,-6.099665642,-9.362557443,-2.836773841
2/1/2094,-5.302877792,-8.565664853,-2.040090731
3/1/2094,0.223599057,-3.039089526,3.48628764
4/1/2094,7.350628261,4.087931672,10.61332485
5/1/2094,14.06484198,10.80227054,17.32741341
6/1/2094,19.10196456,15.83939921,22.36452991
7/1/2094,22.27056147,19.00800272,25.53312023
8/1/2094,21.50630892,18.2437948,24.76882305
9/1/2094,17.16250731,13.89979829,20.42521632
10/1/2094,10.74136728,7.478601934,14.00413263
11/1/2094,4.797196182,1.535425341,8.058967022
12/1/2094,-1.916034355,-5.178406562,1.346337853
1/1/2095,-6.089086004,-9.353206433,-2.824965576
2/1/2095,-5.292298154,-8.556313882,-2.028282426
3/1/2095,0.234178695,-3.029738592,3.498095982
4/1/2095,7.361207899,4.097282609,10.62513319
5/1/2095,14.07542161,10.81162143,17.33922179
6/1/2095,19.1125442,15.8487501,22.3763383
7/1/2095,22.28114111,19.0173536,25.54492862
8/1/2095,21.51688856,18.25314567,24.78063146
9/1/2095,17.17308694,13.90914924,20.43702465
10/1/2095,10.75194692,7.487952897,14.01594095
11/1/2095,4.80777582,1.54477593,8.07077571
12/1/2095,-1.905454717,-5.169055748,1.358146314
1/1/2096,-6.078506366,-9.34385496,-2.813157772
2/1/2096,-5.281718516,-8.546962449,-2.016474583
3/1/2096,0.244758333,-3.020387196,3.509903862
4/1/2096,7.371787537,4.106634008,10.63694107
5/1/2096,14.08600125,10.82097279,17.35102972
6/1/2096,19.12312384,15.85810145,22.38814622
7/1/2096,22.29172075,19.02670495,25.55673655
8/1/2096,21.5274682,18.262497,24.79243941
9/1/2096,17.18366658,13.91850064,20.44883253
10/1/2096,10.76252656,7.497304322,14.0277488
11/1/2096,4.818355458,1.554126981,8.082583935
12/1/2096,-1.894875079,-5.15970447,1.369954313
1/1/2097,-6.067926728,-9.334503026,-2.80135043
2/1/2097,-5.271138878,-8.537610554,-2.004667202
3/1/2097,0.255337971,-3.011035338,3.52171128
4/1/2097,7.382367175,4.115985869,10.64874848
5/1/2097,14.09658089,10.8303246,17.36283718
6/1/2097,19.13370348,15.86745326,22.39995369
7/1/2097,22.30230039,19.03605676,25.56854401
8/1/2097,21.53804784,18.27184879,24.80424689
9/1/2097,17.19424622,13.9278525,20.46063994
10/1/2097,10.7731062,7.506656209,14.03955619
11/1/2097,4.828935096,1.563478494,8.094391698
12/1/2097,-1.884295441,-5.150352731,1.38176185
1/1/2098,-6.05734709,-9.32515063,-2.78954355
2/1/2098,-5.26055924,-8.528258198,-1.992860282
3/1/2098,0.265917609,-3.001683019,3.533518237
4/1/2098,7.392946813,4.125338191,10.66055543
5/1/2098,14.10716053,10.83967687,17.37464418
6/1/2098,19.14428311,15.87680554,22.41176069
7/1/2098,22.31288002,19.04540903,25.58035102
8/1/2098,21.54862748,18.28120104,24.81605391
9/1/2098,17.20482586,13.93720483,20.47244689
10/1/2098,10.78368584,7.516008557,14.05136312
11/1/2098,4.839514734,1.572830469,8.106198999
12/1/2098,-1.873715803,-5.141000531,1.393568925
1/1/2099,-6.046767452,-9.315797774,-2.77773713
2/1/2099,-5.249979602,-8.518905381,-1.981053823
3/1/2099,0.276497247,-2.992330239,3.545324733
4/1/2099,7.403526451,4.134690974,10.67236193
5/1/2099,14.11774017,10.84902961,17.38645072
6/1/2099,19.15486275,15.88615827,22.42356723
7/1/2099,22.32345966,19.05476176,25.59215756
8/1/2099,21.55920712,18.29055376,24.82786047
9/1/2099,17.2154055,13.94655762,20.48425337
10/1/2099,10.79426547,7.525361366,14.06316958
11/1/2099,4.850094372,1.582182905,8.118005839
12/1/2099,-1.863136165,-5.131647869,1.40537554
1/1/2100,-6.036187814,-9.306444458,-2.76593117
2/1/2100,-5.239399964,-8.509552104,-1.969247824
3/1/2100,0.287076885,-2.982976999,3.557130769
4/1/2100,7.414106089,4.144044218,10.68416796
5/1/2100,14.1283198,10.85838281,17.3982568
6/1/2100,19.16544239,15.89551146,22.43537332
7/1/2100,22.3340393,19.06411495,25.60396365
8/1/2100,21.56978675,18.29990693,24.83966657
9/1/2100,17.22598514,13.95591087,20.4960594
10/1/2100,10.80484511,7.534714635,14.07497559
11/1/2100,4.86067401,1.591535801,8.129812218
12/1/2100,-1.852556527,-5.122294747,1.417181694
1/1/2101,-6.025608176,-9.297090681,-2.75412567
2/1/2101,-5.228820326,-8.500198367,-1.957442285
3/1/2101,0.297656523,-2.973623298,3.568936345
4/1/2101,7.424685727,4.153397921,10.69597353
5/1/2101,14.13889944,10.86773646,17.41006242
6/1/2101,19.17602203,15.90486512,22.44717894
7/1/2101,22.34461894,19.0734686,25.61576927
8/1/2101,21.58036639,18.30926057,24.85147221
9/1/2101,17.23656477,13.96526458,20.50786497
10/1/2101,10.81542475,7.544068364,14.08678114
11/1/2101,4.871253648,1.600889158,8.141618137
12/1/2101,-1.841976889,-5.112941165,1.428987388
1/1/2102,-6.015028538,-9.287736446,-2.74232063
2/1/2102,-5.218240688,-8.490844171,-1.945637205
3/1/2102,0.308236161,-2.964269139,3.580741461
4/1/2102,7.435265365,4.162752083,10.70777865
5/1/2102,14.14947908,10.87709058,17.42186758
6/1/2102,19.18660167,15.91421923,22.4589841
7/1/2102,22.35519858,19.08282272,25.62757444
8/1/2102,21.59094603,18.31861466,24.8632774
9/1/2102,17.24714441,13.97461874,20.51967008
10/1/2102,10.82600439,7.553422552,14.09858622
11/1/2102,4.881833286,1.610242975,8.153423597
12/1/2102,-1.831397251,-5.103587124,1.440792623
1/1/2103,-6.0044489,-9.278381752,-2.730516047
2/1/2103,-5.20766105,-8.481489516,-1.933832584
3/1/2103,0.318815799,-2.954914521,3.592546119
4/1/2103,7.445845003,4.172106705,10.7195833
5/1/2103,14.16005872,10.88644515,17.43367228
6/1/2103,19.1971813,15.9235738,22.4707888
7/1/2103,22.36577822,19.09217729,25.63937914
8/1/2103,21.60152567,18.32796921,24.87508212
9/1/2103,17.25772405,13.98397337,20.53147473
10/1/2103,10.83658403,7.562777198,14.11039085
11/1/2103,4.892412924,1.619597251,8.165228597
12/1/2103,-1.820817612,-5.094232624,1.452597399
1/1/2104,-5.993869262,-9.2690266,-2.718711923
2/1/2104,-5.197081412,-8.472134403,-1.922028421
3/1/2104,0.329395437,-2.945559444,3.604350319
4/1/2104,7.456424641,4.181461784,10.7313875
5/1/2104,14.17063836,10.89580019,17.44547653
6/1/2104,19.20776094,15.93292883,22.48259305
7/1/2104,22.37635785,19.10153231,25.65118339
8/1/2104,21.61210531,18.33732423,24.88688638
9/1/2104,17.26830369,13.99332845,20.54327892
10/1/2104,10.84716366,7.572132303,14.12219503
11/1/2104,4.902992562,1.628951985,8.177033139
12/1/2104,-1.810237974,-5.084877666,1.464401717
1/1/2105,-5.983289624,-9.25967099,-2.706908257
2/1/2105,-5.186501774,-8.462778832,-1.910224715
3/1/2105,0.339975075,-2.93620391,3.616154061
4/1/2105,7.467004279,4.190817321,10.74319124
5/1/2105,14.18121799,10.90515568,17.45728031
6/1/2105,19.21834058,15.94228432,22.49439684
7/1/2105,22.38693749,19.1108878,25.66298718
8/1/2105,21.62268494,18.3466797,24.89869019
9/1/2105,17.27888333,14.00268399,20.55508266
10/1/2105,10.8577433,7.581487866,14.13399874
11/1/2105,4.9135722,1.638307177,8.188837223
12/1/2105,-1.799658336,-5.075522249,1.476205576
1/1/2106,-5.972709986,-9.250314923,-2.695105048
2/1/2106,-5.175922136,-8.453422804,-1.898421467
3/1/2106,0.350554713,-2.926847919,3.627957346
4/1/2106,7.477583917,4.200173315,10.75499452
5/1/2106,14.19179763,10.91451162,17.46908364
6/1/2106,19.22892022,15.95164027,22.50620017
7/1/2106,22.39751713,19.12024374,25.67479052
8/1/2106,21.63326458,18.35603562,24.91049354
9/1/2106,17.28946296,14.01203999,20.56688593
10/1/2106,10.86832294,7.590843886,14.14580199
11/1/2106,4.924151838,1.647662827,8.200640849
12/1/2106,-1.789078698,-5.066166376,1.488008979
1/1/2107,-5.962130348,-9.2409584,-2.683302295
2/1/2107,-5.165342498,-8.444066319,-1.886618676
3/1/2107,0.361134351,-2.917491471,3.639760174
4/1/2107,7.488163555,4.209529766,10.76679734
5/1/2107,14.20237727,10.92386803,17.48088651
6/1/2107,19.23949986,15.96099667,22.51800304
7/1/2107,22.40809677,19.12960014,25.68659339
8/1/2107,21.64384422,18.36539201,24.92229643
9/1/2107,17.3000426,14.02139645,20.57868875
10/1/2107,10.87890258,7.600200363,14.15760479
11/1/2107,4.934731476,1.657018934,8.212444018
12/1/2107,-1.77849906,-5.056810045,1.499811925
1/1/2108,-5.95155071,-9.23160142,-2.671499999
2/1/2108,-5.15476286,-8.434709379,-1.87481634
3/1/2108,0.371713989,-2.908134567,3.651562546
4/1/2108,7.498743193,4.218886673,10.77859971
5/1/2108,14.21295691,10.93322489,17.49268893
6/1/2108,19.25007949,15.97035353,22.52980546
7/1/2108,22.41867641,19.138957,25.69839581
8/1/2108,21.65442386,18.37474884,24.93409887
9/1/2108,17.31062224,14.03075336,20.59049112
10/1/2108,10.88948222,7.609557295,14.16940714
11/1/2108,4.945311114,1.666375498,8.22424673
12/1/2108,-1.767919422,-5.047453258,1.511614414
1/1/2109,-5.940971072,-9.222243985,-2.659698158
2/1/2109,-5.144183222,-8.425351982,-1.863014461
3/1/2109,0.382293627,-2.898777207,3.663364462
4/1/2109,7.509322831,4.228244036,10.79040163
5/1/2109,14.22353655,10.94258221,17.50449089
6/1/2109,19.26065913,15.97971084,22.54160742
7/1/2109,22.42925604,19.14831431,25.71019778
8/1/2109,21.6650035,18.38410614,24.94590085
9/1/2109,17.32120188,14.04011073,20.60229303
10/1/2109,10.90006185,7.618914683,14.18120903
11/1/2109,4.955890752,1.675732518,8.236048987
12/1/2109,-1.757339784,-5.038096016,1.523416447
1/1/2110,-5.930391433,-9.212886095,-2.647896772
2/1/2110,-5.133603583,-8.415994131,-1.851213036
3/1/2110,0.392873266,-2.889419392,3.675165923
4/1/2110,7.519902469,4.237601854,10.80220308
5/1/2110,14.23411618,10.95193998,17.51629239
6/1/2110,19.27123877,15.98906861,22.55340893
7/1/2110,22.43983568,19.15767208,25.72199929
8/1/2110,21.67558313,18.39346389,24.95770238
9/1/2110,17.33178152,14.04946855,20.61409448
10/1/2110,10.91064149,7.628272527,14.19301046
11/1/2110,4.96647039,1.685089993,8.247850788
12/1/2110,-1.746760146,-5.028738318,1.535218025
1/1/2111,-5.919811795,-9.20352775,-2.636095841
2/1/2111,-5.123023945,-8.406635825,-1.839412066
3/1/2111,0.403452904,-2.880061122,3.68696693
4/1/2111,7.530482107,4.246960127,10.81400409
5/1/2111,14.24469582,10.9612982,17.52809344
6/1/2111,19.28181841,15.99842684,22.56520998
7/1/2111,22.45041532,19.1670303,25.73380034
8/1/2111,21.68616277,18.4028221,24.96950345
9/1/2111,17.34236115,14.05882683,20.62589548
10/1/2111,10.92122113,7.637630825,14.20481144
11/1/2111,4.977050028,1.694447923,8.259652134
12/1/2111,-1.736180508,-5.019380165,1.547019149
1/1/2112,-5.909232157,-9.194168951,-2.624295363
2/1/2112,-5.112444307,-8.397277065,-1.82761155
3/1/2112,0.414032542,-2.870702399,3.698767482
4/1/2112,7.541061745,4.256318854,10.82580464
5/1/2112,14.25527546,10.97065688,17.53989404
6/1/2112,19.29239805,16.00778551,22.57701058
7/1/2112,22.46099496,19.17638897,25.74560094
8/1/2112,21.69674241,18.41218075,24.98130406
9/1/2112,17.35294079,14.06818556,20.63769602
10/1/2112,10.93180077,7.646989577,14.21661196
11/1/2112,4.987629666,1.703806308,8.271453025
12/1/2112,-1.72560087,-5.010021558,1.558819818
1/1/2113,-5.898652519,-9.184809699,-2.61249534
2/1/2113,-5.101864669,-8.387917851,-1.815811488
3/1/2113,0.42461218,-2.861343221,3.71056758
4/1/2113,7.551641384,4.265678034,10.83760473
5/1/2113,14.2658551,10.98001602,17.55169418
6/1/2113,19.30297768,16.01714465,22.58881072
7/1/2113,22.4715746,19.1857481,25.75740109
8/1/2113,21.70732205,18.42153987,24.99310423
9/1/2113,17.36352043,14.07754474,20.64949612
10/1/2113,10.94238041,7.656348783,14.22841203
11/1/2113,4.998209304,1.713165146,8.283253462
12/1/2113,-1.715021232,-5.000662498,1.570620033
1/1/2114,-5.888072881,-9.175449994,-2.600695769
2/1/2114,-5.091285031,-8.378558184,-1.804011878
3/1/2114,0.435191818,-2.851983591,3.722367226
4/1/2114,7.562221022,4.275037667,10.84940438
5/1/2114,14.27643474,10.98937561,17.56349387
6/1/2114,19.31355732,16.02650423,22.60061041
7/1/2114,22.48215423,19.19510769,25.76920078
8/1/2114,21.71790169,18.43089943,25.00490394
9/1/2114,17.37410007,14.08690438,20.66129575
10/1/2114,10.95296004,7.665708442,14.24021165
11/1/2114,5.008788942,1.722524439,8.295053446
12/1/2114,-1.704441594,-4.991302984,1.582419796
1/1/2115,-5.877493243,-9.166089836,-2.588896651
2/1/2115,-5.080705393,-8.369198065,-1.792212722
3/1/2115,0.445771456,-2.842623507,3.734166419
4/1/2115,7.57280066,4.284397754,10.86120357
5/1/2115,14.28701437,10.99873565,17.5752931
6/1/2115,19.32413696,16.03586427,22.61240965
7/1/2115,22.49273387,19.20446772,25.78100002
8/1/2115,21.72848132,18.44025945,25.01670319
9/1/2115,17.38467971,14.09626447,20.67309494
10/1/2115,10.96353968,7.675068553,14.25201081
11/1/2115,5.01936858,1.731884184,8.306852977
12/1/2115,-1.693861956,-4.981943017,1.594219105
1/1/2116,-5.866913605,-9.156729226,-2.577097985
2/1/2116,-5.070125755,-8.359837493,-1.780414017
3/1/2116,0.456351094,-2.833262972,3.74596516
4/1/2116,7.583380298,4.293758292,10.8730023
5/1/2116,14.29759401,11.00809614,17.58709189
6/1/2116,19.3347166,16.04522476,22.62420844
7/1/2116,22.50331351,19.21382821,25.79279881
8/1/2116,21.73906096,18.44961992,25.028502
9/1/2116,17.39525934,14.10562501,20.68489367
10/1/2116,10.97411932,7.684429117,14.26380953
11/1/2116,5.029948218,1.741244382,8.318652055
12/1/2116,-1.683282318,-4.972582598,1.606017962
