,Year,Month,Median_Temp_Difference,Actual_Temperature
0,1850,1,-0.7,13.3
1,1850,2,-0.286,13.714
2,1850,3,-0.732,13.268
3,1850,4,-0.563,13.437
4,1850,5,-0.327,13.673
5,1850,6,-0.213,13.787
6,1850,7,-0.125,13.875
7,1850,8,-0.237,13.763
8,1850,9,-0.439,13.561
9,1850,10,-0.451,13.549
10,1850,11,-0.187,13.813
11,1850,12,-0.257,13.743
12,1851,1,-0.296,13.704
13,1851,2,-0.356,13.644
14,1851,3,-0.479,13.521
15,1851,4,-0.441,13.559
16,1851,5,-0.295,13.705
17,1851,6,-0.197,13.803
18,1851,7,-0.212,13.788
19,1851,8,-0.157,13.843
20,1851,9,-0.101,13.899
21,1851,10,-0.057,13.943
22,1851,11,-0.02,13.98
23,1851,12,-0.051,13.949
24,1852,1,-0.315,13.685
25,1852,2,-0.477,13.523
26,1852,3,-0.502,13.498
27,1852,4,-0.557,13.443
28,1852,5,-0.211,13.789
29,1852,6,-0.04,13.96
30,1852,7,-0.018,13.982
31,1852,8,-0.202,13.798
32,1852,9,-0.125,13.875
33,1852,10,-0.216,13.784
34,1852,11,-0.193,13.807
35,1852,12,0.073,14.073
36,1853,1,-0.182,13.818
37,1853,2,-0.327,13.673
38,1853,3,-0.309,13.691
39,1853,4,-0.355,13.645
40,1853,5,-0.268,13.732
41,1853,6,-0.175,13.825
42,1853,7,-0.059,13.941
43,1853,8,-0.148,13.852
44,1853,9,-0.404,13.596
45,1853,10,-0.362,13.638
46,1853,11,-0.255,13.745
47,1853,12,-0.437,13.563
48,1854,1,-0.365,13.635
49,1854,2,-0.282,13.718
50,1854,3,-0.286,13.714
51,1854,4,-0.353,13.647
52,1854,5,-0.233,13.767
53,1854,6,-0.219,13.781
54,1854,7,-0.227,13.773
55,1854,8,-0.167,13.833
56,1854,9,-0.119,13.881
57,1854,10,-0.192,13.808
58,1854,11,-0.367,13.633
59,1854,12,-0.233,13.767
60,1855,1,-0.169,13.831
61,1855,2,-0.401,13.599
62,1855,3,-0.306,13.694
63,1855,4,-0.223,13.777
64,1855,5,-0.338,13.662
65,1855,6,-0.167,13.833
66,1855,7,-0.271,13.729
67,1855,8,-0.163,13.837
68,1855,9,-0.336,13.664
69,1855,10,-0.217,13.783
70,1855,11,-0.214,13.786
71,1855,12,-0.518,13.482
72,1856,1,-0.122,13.878
73,1856,2,-0.376,13.624
74,1856,3,-0.528,13.472
75,1856,4,-0.38,13.62
76,1856,5,-0.129,13.871
77,1856,6,-0.291,13.709
78,1856,7,-0.304,13.696
79,1856,8,-0.309,13.691
80,1856,9,-0.461,13.539
81,1856,10,-0.391,13.609
82,1856,11,-0.608,13.392
83,1856,12,-0.449,13.551
84,1857,1,-0.513,13.487
85,1857,2,-0.345,13.655
86,1857,3,-0.434,13.566
87,1857,4,-0.649,13.351
88,1857,5,-0.57,13.43
89,1857,6,-0.31,13.69
90,1857,7,-0.541,13.459
91,1857,8,-0.329,13.671
92,1857,9,-0.393,13.607
93,1857,10,-0.474,13.526
94,1857,11,-0.668,13.332
95,1857,12,-0.358,13.642
96,1858,1,-0.528,13.472
97,1858,2,-0.708,13.292
98,1858,3,-0.548,13.452
99,1858,4,-0.512,13.488
100,1858,5,-0.653,13.347
101,1858,6,-0.582,13.418
102,1858,7,-0.329,13.671
103,1858,8,-0.278,13.722
104,1858,9,-0.332,13.668
105,1858,10,-0.211,13.789
106,1858,11,-0.643,13.357
107,1858,12,-0.304,13.696
108,1859,1,-0.308,13.692
109,1859,2,-0.189,13.811
110,1859,3,-0.327,13.673
111,1859,4,-0.195,13.805
112,1859,5,-0.307,13.693
113,1859,6,-0.248,13.752
114,1859,7,-0.274,13.726
115,1859,8,-0.1,13.9
116,1859,9,-0.565,13.435
117,1859,10,-0.249,13.751
118,1859,11,-0.315,13.685
119,1859,12,-0.363,13.637
120,1860,1,-0.181,13.819
121,1860,2,-0.426,13.574
122,1860,3,-0.642,13.358
123,1860,4,-0.332,13.668
124,1860,5,-0.293,13.707
125,1860,6,-0.309,13.691
126,1860,7,-0.109,13.891
127,1860,8,-0.182,13.818
128,1860,9,-0.217,13.783
129,1860,10,-0.195,13.805
130,1860,11,-0.515,13.485
131,1860,12,-0.762,13.238
132,1861,1,-0.893,13.107
133,1861,2,-0.508,13.492
134,1861,3,-0.464,13.536
135,1861,4,-0.386,13.614
136,1861,5,-0.768,13.232
137,1861,6,-0.189,13.811
138,1861,7,-0.221,13.779
139,1861,8,-0.094,13.906
140,1861,9,-0.33,13.67
141,1861,10,-0.362,13.638
142,1861,11,-0.417,13.583
143,1861,12,-0.247,13.753
144,1862,1,-0.742,13.258
145,1862,2,-0.78,13.22
146,1862,3,-0.403,13.597
147,1862,4,-0.24,13.76
148,1862,5,-0.225,13.775
149,1862,6,-0.336,13.664
150,1862,7,-0.344,13.656
151,1862,8,-0.7,13.3
152,1862,9,-0.42,13.58
153,1862,10,-0.42,13.58
154,1862,11,-0.766,13.234
155,1862,12,-0.887,13.113
156,1863,1,0.122,14.122
157,1863,2,-0.024,13.976
158,1863,3,-0.365,13.635
159,1863,4,-0.244,13.756
160,1863,5,-0.329,13.671
161,1863,6,-0.402,13.598
162,1863,7,-0.423,13.577
163,1863,8,-0.326,13.674
164,1863,9,-0.316,13.684
165,1863,10,-0.384,13.616
166,1863,11,-0.329,13.671
167,1863,12,-0.341,13.659
168,1864,1,-0.941,13.059
169,1864,2,-0.632,13.368
170,1864,3,-0.507,13.493
171,1864,4,-0.548,13.452
172,1864,5,-0.454,13.546
173,1864,6,-0.165,13.835
174,1864,7,-0.159,13.841
175,1864,8,-0.311,13.689
176,1864,9,-0.445,13.555
177,1864,10,-0.706,13.294
178,1864,11,-0.472,13.528
179,1864,12,-0.615,13.385
180,1865,1,-0.101,13.899
181,1865,2,-0.615,13.385
182,1865,3,-0.646,13.354
183,1865,4,-0.236,13.764
184,1865,5,-0.265,13.735
185,1865,6,-0.285,13.715
186,1865,7,-0.136,13.864
187,1865,8,-0.21,13.79
188,1865,9,-0.085,13.915
189,1865,10,-0.27,13.73
190,1865,11,-0.2,13.8
191,1865,12,-0.342,13.658
192,1866,1,0.037,14.037
193,1866,2,-0.216,13.784
194,1866,3,-0.596,13.404
195,1866,4,-0.265,13.735
196,1866,5,-0.53,13.47
197,1866,6,0.098,14.098
198,1866,7,0.018,14.018
199,1866,8,-0.273,13.727
200,1866,9,-0.232,13.768
201,1866,10,-0.425,13.575
202,1866,11,-0.309,13.691
203,1866,12,-0.334,13.666
204,1867,1,-0.313,13.687
205,1867,2,0.007,14.007
206,1867,3,-0.714,13.286
207,1867,4,-0.266,13.734
208,1867,5,-0.546,13.454
209,1867,6,-0.304,13.696
210,1867,7,-0.247,13.753
211,1867,8,-0.234,13.766
212,1867,9,-0.103,13.897
213,1867,10,-0.186,13.814
214,1867,11,-0.314,13.686
215,1867,12,-0.628,13.372
216,1868,1,-0.7,13.3
217,1868,2,-0.471,13.529
218,1868,3,-0.079,13.921
219,1868,4,-0.381,13.619
220,1868,5,-0.077,13.923
221,1868,6,-0.178,13.822
222,1868,7,0.138,14.138
223,1868,8,-0.041,13.959
224,1868,9,-0.202,13.798
225,1868,10,-0.238,13.762
226,1868,11,-0.505,13.495
227,1868,12,-0.131,13.869
228,1869,1,-0.249,13.751
229,1869,2,0.258,14.258
230,1869,3,-0.591,13.409
231,1869,4,-0.221,13.779
232,1869,5,-0.281,13.719
233,1869,6,-0.376,13.624
234,1869,7,-0.293,13.707
235,1869,8,-0.084,13.916
236,1869,9,-0.196,13.804
237,1869,10,-0.417,13.583
238,1869,11,-0.371,13.629
239,1869,12,-0.358,13.642
240,1870,1,-0.082,13.918
241,1870,2,-0.453,13.547
242,1870,3,-0.4,13.6
243,1870,4,-0.206,13.794
244,1870,5,-0.168,13.832
245,1870,6,-0.216,13.784
246,1870,7,0.018,14.018
247,1870,8,-0.259,13.741
248,1870,9,-0.264,13.736
249,1870,10,-0.403,13.597
250,1870,11,-0.17,13.83
251,1870,12,-0.72,13.28
252,1871,1,-0.528,13.472
253,1871,2,-0.548,13.452
254,1871,3,0.003,14.003
255,1871,4,-0.139,13.861
256,1871,5,-0.309,13.691
257,1871,6,-0.222,13.778
258,1871,7,-0.013,13.987
259,1871,8,-0.221,13.779
260,1871,9,-0.453,13.547
261,1871,10,-0.48,13.52
262,1871,11,-0.538,13.462
263,1871,12,-0.561,13.439
264,1872,1,-0.31,13.69
265,1872,2,-0.405,13.595
266,1872,3,-0.47,13.53
267,1872,4,-0.15,13.85
268,1872,5,-0.041,13.959
269,1872,6,-0.205,13.795
270,1872,7,-0.113,13.887
271,1872,8,-0.027,13.973
272,1872,9,-0.128,13.872
273,1872,10,-0.227,13.773
274,1872,11,-0.244,13.756
275,1872,12,-0.426,13.574
276,1873,1,-0.03,13.97
277,1873,2,-0.344,13.656
278,1873,3,-0.29,13.71
279,1873,4,-0.524,13.476
280,1873,5,-0.412,13.588
281,1873,6,-0.257,13.743
282,1873,7,-0.15,13.85
283,1873,8,-0.159,13.841
284,1873,9,-0.355,13.645
285,1873,10,-0.401,13.599
286,1873,11,-0.464,13.536
287,1873,12,-0.272,13.728
288,1874,1,0.063,14.063
289,1874,2,-0.435,13.565
290,1874,3,-0.556,13.444
291,1874,4,-0.504,13.496
292,1874,5,-0.467,13.533
293,1874,6,-0.457,13.543
294,1874,7,-0.169,13.831
295,1874,8,-0.363,13.637
296,1874,9,-0.204,13.796
297,1874,10,-0.433,13.567
298,1874,11,-0.501,13.499
299,1874,12,-0.404,13.596
300,1875,1,-0.571,13.429
301,1875,2,-0.597,13.403
302,1875,3,-0.597,13.403
303,1875,4,-0.466,13.534
304,1875,5,-0.175,13.825
305,1875,6,-0.233,13.767
306,1875,7,-0.299,13.701
307,1875,8,-0.18,13.82
308,1875,9,-0.268,13.732
309,1875,10,-0.363,13.637
310,1875,11,-0.503,13.497
311,1875,12,-0.506,13.494
312,1876,1,-0.315,13.685
313,1876,2,-0.279,13.721
314,1876,3,-0.388,13.612
315,1876,4,-0.298,13.702
316,1876,5,-0.533,13.467
317,1876,6,-0.282,13.718
318,1876,7,-0.137,13.863
319,1876,8,-0.248,13.752
320,1876,9,-0.436,13.564
321,1876,10,-0.388,13.612
322,1876,11,-0.586,13.414
323,1876,12,-0.716,13.284
324,1877,1,-0.327,13.673
325,1877,2,0.049,14.049
326,1877,3,-0.28,13.72
327,1877,4,-0.321,13.679
328,1877,5,-0.454,13.546
329,1877,6,-0.092,13.908
330,1877,7,0.013,14.013
331,1877,8,0.147,14.147
332,1877,9,0.028,14.028
333,1877,10,0.062,14.062
334,1877,11,0.096,14.096
335,1877,12,0.17,14.17
336,1878,1,0.174,14.174
337,1878,2,0.403,14.403
338,1878,3,0.343,14.343
339,1878,4,0.319,14.319
340,1878,5,-0.082,13.918
341,1878,6,0.019,14.019
342,1878,7,-0.049,13.951
343,1878,8,-0.023,13.977
344,1878,9,0.017,14.017
345,1878,10,-0.122,13.878
346,1878,11,-0.2,13.8
347,1878,12,-0.356,13.644
348,1879,1,-0.193,13.807
349,1879,2,-0.149,13.851
350,1879,3,-0.094,13.906
351,1879,4,-0.214,13.786
352,1879,5,-0.212,13.788
353,1879,6,-0.27,13.73
354,1879,7,-0.23,13.77
355,1879,8,-0.167,13.833
356,1879,9,-0.215,13.785
357,1879,10,-0.122,13.878
358,1879,11,-0.39,13.61
359,1879,12,-0.515,13.485
360,1880,1,-0.067,13.933
361,1880,2,-0.173,13.827
362,1880,3,-0.104,13.896
363,1880,4,-0.15,13.85
364,1880,5,-0.244,13.756
365,1880,6,-0.307,13.693
366,1880,7,-0.247,13.753
367,1880,8,-0.116,13.884
368,1880,9,-0.235,13.765
369,1880,10,-0.386,13.614
370,1880,11,-0.408,13.592
371,1880,12,-0.294,13.706
372,1881,1,-0.353,13.647
373,1881,2,-0.234,13.766
374,1881,3,-0.181,13.819
375,1881,4,-0.131,13.869
376,1881,5,-0.03,13.97
377,1881,6,-0.23,13.77
378,1881,7,-0.148,13.852
379,1881,8,-0.123,13.877
380,1881,9,-0.24,13.76
381,1881,10,-0.275,13.725
382,1881,11,-0.334,13.666
383,1881,12,-0.13,13.87
384,1882,1,0.125,14.125
385,1882,2,-0.008,13.992
386,1882,3,-0.051,13.949
387,1882,4,-0.283,13.717
388,1882,5,-0.372,13.628
389,1882,6,-0.315,13.685
390,1882,7,-0.187,13.813
391,1882,8,-0.221,13.779
392,1882,9,-0.156,13.844
393,1882,10,-0.329,13.671
394,1882,11,-0.312,13.688
395,1882,12,-0.471,13.529
396,1883,1,-0.4,13.6
397,1883,2,-0.321,13.679
398,1883,3,-0.346,13.654
399,1883,4,-0.397,13.603
400,1883,5,-0.256,13.744
401,1883,6,-0.124,13.876
402,1883,7,-0.2,13.8
403,1883,8,-0.21,13.79
404,1883,9,-0.279,13.721
405,1883,10,-0.379,13.621
406,1883,11,-0.312,13.688
407,1883,12,-0.323,13.677
408,1884,1,-0.403,13.597
409,1884,2,-0.217,13.783
410,1884,3,-0.459,13.541
411,1884,4,-0.527,13.473
412,1884,5,-0.396,13.604
413,1884,6,-0.411,13.589
414,1884,7,-0.424,13.576
415,1884,8,-0.413,13.587
416,1884,9,-0.346,13.654
417,1884,10,-0.332,13.668
418,1884,11,-0.567,13.433
419,1884,12,-0.415,13.585
420,1885,1,-0.502,13.498
421,1885,2,-0.412,13.588
422,1885,3,-0.482,13.518
423,1885,4,-0.469,13.531
424,1885,5,-0.518,13.482
425,1885,6,-0.486,13.514
426,1885,7,-0.316,13.684
427,1885,8,-0.505,13.495
428,1885,9,-0.329,13.671
429,1885,10,-0.242,13.758
430,1885,11,-0.262,13.738
431,1885,12,-0.155,13.845
432,1886,1,-0.396,13.604
433,1886,2,-0.47,13.53
434,1886,3,-0.412,13.588
435,1886,4,-0.338,13.662
436,1886,5,-0.188,13.812
437,1886,6,-0.382,13.618
438,1886,7,-0.28,13.72
439,1886,8,-0.335,13.665
440,1886,9,-0.432,13.568
441,1886,10,-0.361,13.639
442,1886,11,-0.423,13.577
443,1886,12,-0.42,13.58
444,1887,1,-0.566,13.434
445,1887,2,-0.556,13.444
446,1887,3,-0.457,13.543
447,1887,4,-0.435,13.565
448,1887,5,-0.355,13.645
449,1887,6,-0.404,13.596
450,1887,7,-0.274,13.726
451,1887,8,-0.362,13.638
452,1887,9,-0.337,13.663
453,1887,10,-0.499,13.501
454,1887,11,-0.404,13.596
455,1887,12,-0.395,13.605
456,1888,1,-0.591,13.409
457,1888,2,-0.44,13.56
458,1888,3,-0.534,13.466
459,1888,4,-0.238,13.762
460,1888,5,-0.347,13.653
461,1888,6,-0.292,13.708
462,1888,7,-0.304,13.696
463,1888,8,-0.278,13.722
464,1888,9,-0.219,13.781
465,1888,10,-0.095,13.905
466,1888,11,-0.194,13.806
467,1888,12,-0.169,13.831
468,1889,1,-0.067,13.933
469,1889,2,-0.082,13.918
470,1889,3,-0.064,13.936
471,1889,4,0.01,14.01
472,1889,5,-0.08,13.92
473,1889,6,-0.144,13.856
474,1889,7,-0.191,13.809
475,1889,8,-0.22,13.78
476,1889,9,-0.381,13.619
477,1889,10,-0.298,13.702
478,1889,11,-0.398,13.602
479,1889,12,-0.179,13.821
480,1890,1,-0.329,13.671
481,1890,2,-0.368,13.632
482,1890,3,-0.463,13.537
483,1890,4,-0.324,13.676
484,1890,5,-0.417,13.583
485,1890,6,-0.371,13.629
486,1890,7,-0.405,13.595
487,1890,8,-0.416,13.584
488,1890,9,-0.473,13.527
489,1890,10,-0.498,13.502
490,1890,11,-0.555,13.445
491,1890,12,-0.411,13.589
492,1891,1,-0.512,13.488
493,1891,2,-0.474,13.526
494,1891,3,-0.363,13.637
495,1891,4,-0.358,13.642
496,1891,5,-0.199,13.801
497,1891,6,-0.288,13.712
498,1891,7,-0.323,13.677
499,1891,8,-0.313,13.687
500,1891,9,-0.193,13.807
501,1891,10,-0.322,13.678
502,1891,11,-0.541,13.459
503,1891,12,-0.115,13.885
504,1892,1,-0.398,13.602
505,1892,2,-0.112,13.888
506,1892,3,-0.47,13.53
507,1892,4,-0.484,13.516
508,1892,5,-0.403,13.597
509,1892,6,-0.461,13.539
510,1892,7,-0.526,13.474
511,1892,8,-0.443,13.557
512,1892,9,-0.325,13.675
513,1892,10,-0.441,13.559
514,1892,11,-0.627,13.373
515,1892,12,-0.793,13.207
516,1893,1,-0.974,13.026
517,1893,2,-0.727,13.273
518,1893,3,-0.373,13.627
519,1893,4,-0.567,13.433
520,1893,5,-0.559,13.441
521,1893,6,-0.459,13.541
522,1893,7,-0.277,13.723
523,1893,8,-0.291,13.709
524,1893,9,-0.43,13.57
525,1893,10,-0.274,13.726
526,1893,11,-0.415,13.585
527,1893,12,-0.34,13.66
528,1894,1,-0.465,13.535
529,1894,2,-0.374,13.626
530,1894,3,-0.38,13.62
531,1894,4,-0.388,13.612
532,1894,5,-0.421,13.579
533,1894,6,-0.493,13.507
534,1894,7,-0.315,13.685
535,1894,8,-0.341,13.659
536,1894,9,-0.458,13.542
537,1894,10,-0.444,13.556
538,1894,11,-0.42,13.58
539,1894,12,-0.41,13.59
540,1895,1,-0.497,13.503
541,1895,2,-0.677,13.323
542,1895,3,-0.519,13.481
543,1895,4,-0.405,13.595
544,1895,5,-0.415,13.585
545,1895,6,-0.333,13.667
546,1895,7,-0.348,13.652
547,1895,8,-0.261,13.739
548,1895,9,-0.284,13.716
549,1895,10,-0.337,13.663
550,1895,11,-0.297,13.703
551,1895,12,-0.318,13.682
552,1896,1,-0.219,13.781
553,1896,2,-0.23,13.77
554,1896,3,-0.387,13.613
555,1896,4,-0.352,13.648
556,1896,5,-0.205,13.795
557,1896,6,-0.119,13.881
558,1896,7,-0.112,13.888
559,1896,8,-0.063,13.937
560,1896,9,-0.109,13.891
561,1896,10,-0.123,13.877
562,1896,11,-0.286,13.714
563,1896,12,-0.034,13.966
564,1897,1,-0.203,13.797
565,1897,2,-0.125,13.875
566,1897,3,-0.275,13.725
567,1897,4,-0.076,13.924
568,1897,5,-0.031,13.969
569,1897,6,-0.155,13.845
570,1897,7,-0.157,13.843
571,1897,8,-0.149,13.851
572,1897,9,-0.135,13.865
573,1897,10,-0.258,13.742
574,1897,11,-0.453,13.547
575,1897,12,-0.477,13.523
576,1898,1,-0.085,13.915
577,1898,2,-0.38,13.62
578,1898,3,-0.749,13.251
579,1898,4,-0.573,13.427
580,1898,5,-0.474,13.526
581,1898,6,-0.319,13.681
582,1898,7,-0.377,13.623
583,1898,8,-0.306,13.694
584,1898,9,-0.332,13.668
585,1898,10,-0.556,13.444
586,1898,11,-0.449,13.551
587,1898,12,-0.346,13.654
588,1899,1,-0.208,13.792
589,1899,2,-0.494,13.506
590,1899,3,-0.544,13.456
591,1899,4,-0.351,13.649
592,1899,5,-0.316,13.684
593,1899,6,-0.39,13.61
594,1899,7,-0.275,13.725
595,1899,8,-0.147,13.853
596,1899,9,-0.136,13.864
597,1899,10,-0.188,13.812
598,1899,11,0.028,14.028
599,1899,12,-0.45,13.55
600,1900,1,-0.266,13.734
601,1900,2,-0.172,13.828
602,1900,3,-0.285,13.715
603,1900,4,-0.261,13.739
604,1900,5,-0.273,13.727
605,1900,6,-0.18,13.82
606,1900,7,-0.19,13.81
607,1900,8,-0.185,13.815
608,1900,9,-0.23,13.77
609,1900,10,-0.058,13.942
610,1900,11,-0.263,13.737
611,1900,12,-0.075,13.925
612,1901,1,-0.176,13.824
613,1901,2,-0.272,13.728
614,1901,3,-0.236,13.764
615,1901,4,-0.187,13.813
616,1901,5,-0.196,13.804
617,1901,6,-0.146,13.854
618,1901,7,-0.188,13.812
619,1901,8,-0.196,13.804
620,1901,9,-0.343,13.657
621,1901,10,-0.298,13.702
622,1901,11,-0.442,13.558
623,1901,12,-0.428,13.572
624,1902,1,-0.232,13.768
625,1902,2,-0.26,13.74
626,1902,3,-0.398,13.602
627,1902,4,-0.451,13.549
628,1902,5,-0.401,13.599
629,1902,6,-0.424,13.576
630,1902,7,-0.391,13.609
631,1902,8,-0.368,13.632
632,1902,9,-0.361,13.639
633,1902,10,-0.477,13.523
634,1902,11,-0.538,13.462
635,1902,12,-0.526,13.474
636,1903,1,-0.269,13.731
637,1903,2,-0.181,13.819
638,1903,3,-0.358,13.642
639,1903,4,-0.473,13.527
640,1903,5,-0.463,13.537
641,1903,6,-0.537,13.463
642,1903,7,-0.485,13.515
643,1903,8,-0.587,13.413
644,1903,9,-0.518,13.482
645,1903,10,-0.653,13.347
646,1903,11,-0.634,13.366
647,1903,12,-0.604,13.396
648,1904,1,-0.644,13.356
649,1904,2,-0.59,13.41
650,1904,3,-0.661,13.339
651,1904,4,-0.553,13.447
652,1904,5,-0.527,13.473
653,1904,6,-0.522,13.478
654,1904,7,-0.522,13.478
655,1904,8,-0.477,13.523
656,1904,9,-0.478,13.522
657,1904,10,-0.473,13.527
658,1904,11,-0.387,13.613
659,1904,12,-0.407,13.593
660,1905,1,-0.46,13.54
661,1905,2,-0.703,13.297
662,1905,3,-0.462,13.538
663,1905,4,-0.555,13.445
664,1905,5,-0.344,13.656
665,1905,6,-0.314,13.686
666,1905,7,-0.297,13.703
667,1905,8,-0.301,13.699
668,1905,9,-0.313,13.687
669,1905,10,-0.363,13.637
670,1905,11,-0.218,13.782
671,1905,12,-0.199,13.801
672,1906,1,-0.075,13.925
673,1906,2,-0.225,13.775
674,1906,3,-0.284,13.716
675,1906,4,-0.115,13.885
676,1906,5,-0.329,13.671
677,1906,6,-0.287,13.713
678,1906,7,-0.315,13.685
679,1906,8,-0.319,13.681
680,1906,9,-0.385,13.615
681,1906,10,-0.351,13.649
682,1906,11,-0.427,13.573
683,1906,12,-0.283,13.717
684,1907,1,-0.431,13.569
685,1907,2,-0.512,13.488
686,1907,3,-0.338,13.662
687,1907,4,-0.507,13.493
688,1907,5,-0.555,13.445
689,1907,6,-0.524,13.476
690,1907,7,-0.402,13.598
691,1907,8,-0.452,13.548
692,1907,9,-0.405,13.595
693,1907,10,-0.359,13.641
694,1907,11,-0.581,13.419
695,1907,12,-0.525,13.475
696,1908,1,-0.412,13.588
697,1908,2,-0.413,13.587
698,1908,3,-0.636,13.364
699,1908,4,-0.55,13.45
700,1908,5,-0.474,13.526
701,1908,6,-0.472,13.528
702,1908,7,-0.469,13.531
703,1908,8,-0.532,13.468
704,1908,9,-0.454,13.546
705,1908,10,-0.579,13.421
706,1908,11,-0.596,13.404
707,1908,12,-0.568,13.432
708,1909,1,-0.579,13.421
709,1909,2,-0.531,13.469
710,1909,3,-0.69,13.31
711,1909,4,-0.604,13.396
712,1909,5,-0.586,13.414
713,1909,6,-0.512,13.488
714,1909,7,-0.573,13.427
715,1909,8,-0.317,13.683
716,1909,9,-0.398,13.602
717,1909,10,-0.481,13.519
718,1909,11,-0.42,13.58
719,1909,12,-0.591,13.409
720,1910,1,-0.352,13.648
721,1910,2,-0.514,13.486
722,1910,3,-0.487,13.513
723,1910,4,-0.45,13.55
724,1910,5,-0.466,13.534
725,1910,6,-0.482,13.518
726,1910,7,-0.466,13.534
727,1910,8,-0.436,13.564
728,1910,9,-0.441,13.559
729,1910,10,-0.482,13.518
730,1910,11,-0.652,13.348
731,1910,12,-0.666,13.334
732,1911,1,-0.554,13.446
733,1911,2,-0.753,13.247
734,1911,3,-0.701,13.299
735,1911,4,-0.717,13.283
736,1911,5,-0.6,13.4
737,1911,6,-0.567,13.433
738,1911,7,-0.51,13.49
739,1911,8,-0.5,13.5
740,1911,9,-0.511,13.489
741,1911,10,-0.465,13.535
742,1911,11,-0.374,13.626
743,1911,12,-0.293,13.707
744,1912,1,-0.361,13.639
745,1912,2,-0.288,13.712
746,1912,3,-0.385,13.615
747,1912,4,-0.342,13.658
748,1912,5,-0.375,13.625
749,1912,6,-0.312,13.688
750,1912,7,-0.453,13.547
751,1912,8,-0.559,13.441
752,1912,9,-0.557,13.443
753,1912,10,-0.641,13.359
754,1912,11,-0.518,13.482
755,1912,12,-0.484,13.516
756,1913,1,-0.451,13.549
757,1913,2,-0.508,13.492
758,1913,3,-0.537,13.463
759,1913,4,-0.431,13.569
760,1913,5,-0.513,13.487
761,1913,6,-0.505,13.495
762,1913,7,-0.431,13.569
763,1913,8,-0.39,13.61
764,1913,9,-0.426,13.574
765,1913,10,-0.425,13.575
766,1913,11,-0.264,13.736
767,1913,12,-0.232,13.768
768,1914,1,-0.079,13.921
769,1914,2,-0.211,13.789
770,1914,3,-0.326,13.674
771,1914,4,-0.39,13.61
772,1914,5,-0.282,13.718
773,1914,6,-0.281,13.719
774,1914,7,-0.328,13.672
775,1914,8,-0.214,13.786
776,1914,9,-0.255,13.745
777,1914,10,-0.146,13.854
778,1914,11,-0.183,13.817
779,1914,12,-0.249,13.751
780,1915,1,-0.111,13.889
781,1915,2,-0.044,13.956
782,1915,3,-0.187,13.813
783,1915,4,-0.046,13.954
784,1915,5,-0.196,13.804
785,1915,6,-0.215,13.785
786,1915,7,-0.1,13.9
787,1915,8,-0.065,13.935
788,1915,9,-0.128,13.872
789,1915,10,-0.255,13.745
790,1915,11,-0.138,13.862
791,1915,12,-0.253,13.747
792,1916,1,-0.235,13.765
793,1916,2,-0.181,13.819
794,1916,3,-0.406,13.594
795,1916,4,-0.339,13.661
796,1916,5,-0.351,13.649
797,1916,6,-0.472,13.528
798,1916,7,-0.378,13.622
799,1916,8,-0.342,13.658
800,1916,9,-0.335,13.665
801,1916,10,-0.395,13.605
802,1916,11,-0.572,13.428
803,1916,12,-0.629,13.371
804,1917,1,-0.68,13.32
805,1917,2,-0.765,13.235
806,1917,3,-0.832,13.168
807,1917,4,-0.477,13.523
808,1917,5,-0.662,13.338
809,1917,6,-0.357,13.643
810,1917,7,-0.122,13.878
811,1917,8,-0.226,13.774
812,1917,9,-0.125,13.875
813,1917,10,-0.385,13.615
814,1917,11,-0.386,13.614
815,1917,12,-0.635,13.365
816,1918,1,-0.501,13.499
817,1918,2,-0.514,13.486
818,1918,3,-0.445,13.555
819,1918,4,-0.49,13.51
820,1918,5,-0.426,13.574
821,1918,6,-0.329,13.671
822,1918,7,-0.336,13.664
823,1918,8,-0.358,13.642
824,1918,9,-0.243,13.757
825,1918,10,-0.095,13.905
826,1918,11,-0.05,13.95
827,1918,12,-0.232,13.768
828,1919,1,-0.106,13.894
829,1919,2,-0.085,13.915
830,1919,3,-0.306,13.694
831,1919,4,-0.072,13.928
832,1919,5,-0.255,13.745
833,1919,6,-0.252,13.748
834,1919,7,-0.362,13.638
835,1919,8,-0.336,13.664
836,1919,9,-0.239,13.761
837,1919,10,-0.296,13.704
838,1919,11,-0.532,13.468
839,1919,12,-0.46,13.54
840,1920,1,-0.239,13.761
841,1920,2,-0.427,13.573
842,1920,3,-0.119,13.881
843,1920,4,-0.264,13.736
844,1920,5,-0.2,13.8
845,1920,6,-0.211,13.789
846,1920,7,-0.285,13.715
847,1920,8,-0.233,13.767
848,1920,9,-0.139,13.861
849,1920,10,-0.233,13.767
850,1920,11,-0.289,13.711
851,1920,12,-0.358,13.642
852,1921,1,-0.141,13.859
853,1921,2,-0.183,13.817
854,1921,3,-0.249,13.751
855,1921,4,-0.22,13.78
856,1921,5,-0.203,13.797
857,1921,6,-0.121,13.879
858,1921,7,-0.14,13.86
859,1921,8,-0.283,13.717
860,1921,9,-0.165,13.835
861,1921,10,-0.142,13.858
862,1921,11,-0.301,13.699
863,1921,12,-0.147,13.853
864,1922,1,-0.387,13.613
865,1922,2,-0.275,13.725
866,1922,3,-0.267,13.733
867,1922,4,-0.235,13.765
868,1922,5,-0.371,13.629
869,1922,6,-0.324,13.676
870,1922,7,-0.229,13.771
871,1922,8,-0.348,13.652
872,1922,9,-0.282,13.718
873,1922,10,-0.33,13.67
874,1922,11,-0.292,13.708
875,1922,12,-0.308,13.692
876,1923,1,-0.237,13.763
877,1923,2,-0.419,13.581
878,1923,3,-0.412,13.588
879,1923,4,-0.36,13.64
880,1923,5,-0.319,13.681
881,1923,6,-0.243,13.757
882,1923,7,-0.352,13.648
883,1923,8,-0.377,13.623
884,1923,9,-0.327,13.673
885,1923,10,-0.27,13.73
886,1923,11,-0.021,13.979
887,1923,12,-0.014,13.986
888,1924,1,-0.315,13.685
889,1924,2,-0.204,13.796
890,1924,3,-0.271,13.729
891,1924,4,-0.283,13.717
892,1924,5,-0.245,13.755
893,1924,6,-0.214,13.786
894,1924,7,-0.263,13.737
895,1924,8,-0.284,13.716
896,1924,9,-0.284,13.716
897,1924,10,-0.316,13.684
898,1924,11,-0.361,13.639
899,1924,12,-0.53,13.47
900,1925,1,-0.403,13.597
901,1925,2,-0.308,13.692
902,1925,3,-0.23,13.77
903,1925,4,-0.273,13.727
904,1925,5,-0.256,13.744
905,1925,6,-0.257,13.743
906,1925,7,-0.214,13.786
907,1925,8,-0.128,13.872
908,1925,9,-0.191,13.809
909,1925,10,-0.309,13.691
910,1925,11,-0.063,13.937
911,1925,12,0.001,14.001
912,1926,1,0.086,14.086
913,1926,2,-0.042,13.958
914,1926,3,-0.028,13.972
915,1926,4,-0.176,13.824
916,1926,5,-0.217,13.783
917,1926,6,-0.087,13.913
918,1926,7,-0.239,13.761
919,1926,8,-0.09,13.91
920,1926,9,-0.097,13.903
921,1926,10,-0.088,13.912
922,1926,11,-0.109,13.891
923,1926,12,-0.244,13.756
924,1927,1,-0.261,13.739
925,1927,2,-0.146,13.854
926,1927,3,-0.333,13.667
927,1927,4,-0.258,13.742
928,1927,5,-0.257,13.743
929,1927,6,-0.236,13.764
930,1927,7,-0.147,13.853
931,1927,8,-0.145,13.855
932,1927,9,-0.134,13.866
933,1927,10,-0.038,13.962
934,1927,11,-0.173,13.827
935,1927,12,-0.422,13.578
936,1928,1,-0.054,13.946
937,1928,2,-0.133,13.867
938,1928,3,-0.344,13.656
939,1928,4,-0.251,13.749
940,1928,5,-0.281,13.719
941,1928,6,-0.337,13.663
942,1928,7,-0.166,13.834
943,1928,8,-0.176,13.824
944,1928,9,-0.221,13.779
945,1928,10,-0.161,13.839
946,1928,11,-0.153,13.847
947,1928,12,-0.24,13.76
948,1929,1,-0.487,13.513
949,1929,2,-0.67,13.33
950,1929,3,-0.409,13.591
951,1929,4,-0.389,13.611
952,1929,5,-0.391,13.609
953,1929,6,-0.351,13.649
954,1929,7,-0.358,13.642
955,1929,8,-0.185,13.815
956,1929,9,-0.265,13.735
957,1929,10,-0.176,13.824
958,1929,11,-0.072,13.928
959,1929,12,-0.488,13.512
960,1930,1,-0.327,13.673
961,1930,2,-0.287,13.713
962,1930,3,-0.15,13.85
963,1930,4,-0.201,13.799
964,1930,5,-0.201,13.799
965,1930,6,-0.165,13.835
966,1930,7,-0.122,13.878
967,1930,8,-0.056,13.944
968,1930,9,-0.079,13.921
969,1930,10,-0.089,13.911
970,1930,11,0.078,14.078
971,1930,12,-0.079,13.921
972,1931,1,-0.007,13.993
973,1931,2,-0.162,13.838
974,1931,3,-0.123,13.877
975,1931,4,-0.182,13.818
976,1931,5,-0.166,13.834
977,1931,6,-0.04,13.96
978,1931,7,0.002,14.002
979,1931,8,-0.054,13.946
980,1931,9,-0.05,13.95
981,1931,10,-0.046,13.954
982,1931,11,-0.153,13.847
983,1931,12,-0.105,13.895
984,1932,1,0.157,14.157
985,1932,2,-0.196,13.804
986,1932,3,-0.243,13.757
987,1932,4,-0.069,13.931
988,1932,5,-0.169,13.831
989,1932,6,-0.191,13.809
990,1932,7,-0.128,13.872
991,1932,8,-0.197,13.803
992,1932,9,-0.039,13.961
993,1932,10,-0.176,13.824
994,1932,11,-0.235,13.765
995,1932,12,-0.194,13.806
996,1933,1,-0.295,13.705
997,1933,2,-0.324,13.676
998,1933,3,-0.348,13.652
999,1933,4,-0.222,13.778
1000,1933,5,-0.213,13.787
1001,1933,6,-0.261,13.739
1002,1933,7,-0.185,13.815
1003,1933,8,-0.179,13.821
1004,1933,9,-0.235,13.765
1005,1933,10,-0.204,13.796
1006,1933,11,-0.316,13.684
1007,1933,12,-0.531,13.469
1008,1934,1,-0.225,13.775
1009,1934,2,-0.165,13.835
1010,1934,3,-0.396,13.604
1011,1934,4,-0.25,13.75
1012,1934,5,-0.082,13.918
1013,1934,6,-0.043,13.957
1014,1934,7,-0.068,13.932
1015,1934,8,-0.058,13.942
1016,1934,9,-0.101,13.899
1017,1934,10,-0.091,13.909
1018,1934,11,0.022,14.022
1019,1934,12,-0.142,13.858
1020,1935,1,-0.233,13.767
1021,1935,2,0.101,14.101
1022,1935,3,-0.23,13.77
1023,1935,4,-0.273,13.727
1024,1935,5,-0.245,13.755
1025,1935,6,-0.188,13.812
1026,1935,7,-0.142,13.858
1027,1935,8,-0.154,13.846
1028,1935,9,-0.141,13.859
1029,1935,10,-0.075,13.925
1030,1935,11,-0.308,13.692
1031,1935,12,-0.274,13.726
1032,1936,1,-0.31,13.69
1033,1936,2,-0.365,13.635
1034,1936,3,-0.31,13.69
1035,1936,4,-0.213,13.787
1036,1936,5,-0.16,13.84
1037,1936,6,-0.161,13.839
1038,1936,7,-0.021,13.979
1039,1936,8,-0.045,13.955
1040,1936,9,-0.108,13.892
1041,1936,10,-0.006,13.994
1042,1936,11,-0.071,13.929
1043,1936,12,-0.014,13.986
1044,1937,1,-0.134,13.866
1045,1937,2,0.039,14.039
1046,1937,3,-0.279,13.721
1047,1937,4,-0.135,13.865
1048,1937,5,-0.083,13.917
1049,1937,6,-0.006,13.994
1050,1937,7,0.055,14.055
1051,1937,8,0.085,14.085
1052,1937,9,0.115,14.115
1053,1937,10,0.12,14.12
1054,1937,11,0.002,14.002
1055,1937,12,-0.113,13.887
1056,1938,1,0.013,14.013
1057,1938,2,0.017,14.017
1058,1938,3,0.057,14.057
1059,1938,4,0.077,14.077
1060,1938,5,-0.092,13.908
1061,1938,6,-0.059,13.941
1062,1938,7,-0.044,13.956
1063,1938,8,0.015,14.015
1064,1938,9,0.056,14.056
1065,1938,10,0.141,14.141
1066,1938,11,0.021,14.021
1067,1938,12,-0.296,13.704
1068,1939,1,-0.068,13.932
1069,1939,2,-0.045,13.955
1070,1939,3,-0.271,13.729
1071,1939,4,-0.106,13.894
1072,1939,5,-0.031,13.969
1073,1939,6,0.062,14.062
1074,1939,7,0.047,14.047
1075,1939,8,0.036,14.036
1076,1939,9,-0.081,13.919
1077,1939,10,-0.278,13.722
1078,1939,11,-0.129,13.871
1079,1939,12,0.229,14.229
1080,1940,1,-0.192,13.808
1081,1940,2,-0.043,13.957
1082,1940,3,-0.119,13.881
1083,1940,4,0.047,14.047
1084,1940,5,0.019,14.019
1085,1940,6,0.034,14.034
1086,1940,7,0.145,14.145
1087,1940,8,0.043,14.043
1088,1940,9,0.122,14.122
1089,1940,10,0.011,14.011
1090,1940,11,-0.067,13.933
1091,1940,12,0.161,14.161
1092,1941,1,-0.092,13.908
1093,1941,2,-0.017,13.983
1094,1941,3,-0.136,13.864
1095,1941,4,0.019,14.019
1096,1941,5,-0.022,13.978
1097,1941,6,0.119,14.119
1098,1941,7,0.122,14.122
1099,1941,8,0.024,14.024
1100,1941,9,-0.135,13.865
1101,1941,10,0.216,14.216
1102,1941,11,0.051,14.051
1103,1941,12,0.095,14.095
1104,1942,1,0.206,14.206
1105,1942,2,-0.088,13.912
1106,1942,3,-0.09,13.91
1107,1942,4,-0.065,13.935
1108,1942,5,-0.019,13.981
1109,1942,6,0.034,14.034
1110,1942,7,-0.081,13.919
1111,1942,8,-0.067,13.933
1112,1942,9,0.002,14.002
1113,1942,10,-0.084,13.916
1114,1942,11,-0.066,13.934
1115,1942,12,0,14
1116,1943,1,-0.214,13.786
1117,1943,2,0.068,14.068
1118,1943,3,-0.204,13.796
1119,1943,4,-0.003,13.997
1120,1943,5,-0.018,13.982
1121,1943,6,-0.096,13.904
1122,1943,7,0.003,14.003
1123,1943,8,-0.009,13.991
1124,1943,9,-0.025,13.975
1125,1943,10,0.229,14.229
1126,1943,11,0.014,14.014
1127,1943,12,0.191,14.191
1128,1944,1,0.281,14.281
1129,1944,2,0.125,14.125
1130,1944,3,0.135,14.135
1131,1944,4,0.046,14.046
1132,1944,5,0.057,14.057
1133,1944,6,0.152,14.152
1134,1944,7,0.22,14.22
1135,1944,8,0.236,14.236
1136,1944,9,0.293,14.293
1137,1944,10,0.209,14.209
1138,1944,11,0.007,14.007
1139,1944,12,-0.034,13.966
1140,1945,1,-0.01,13.99
1141,1945,2,-0.103,13.897
1142,1945,3,-0.048,13.952
1143,1945,4,0.168,14.168
1144,1945,5,-0.108,13.892
1145,1945,6,-0.003,13.997
1146,1945,7,-0.084,13.916
1147,1945,8,0.364,14.364
1148,1945,9,0.161,14.161
1149,1945,10,0.173,14.173
1150,1945,11,-0.012,13.988
1151,1945,12,-0.202,13.798
1152,1946,1,0.096,14.096
1153,1946,2,0.039,14.039
1154,1946,3,-0.062,13.938
1155,1946,4,0.139,14.139
1156,1946,5,-0.11,13.89
1157,1946,6,-0.255,13.745
1158,1946,7,-0.043,13.957
1159,1946,8,-0.147,13.853
1160,1946,9,-0.015,13.985
1161,1946,10,-0.052,13.948
1162,1946,11,-0.094,13.906
1163,1946,12,-0.361,13.639
1164,1947,1,-0.113,13.887
1165,1947,2,-0.174,13.826
1166,1947,3,-0.064,13.936
1167,1947,4,0.089,14.089
1168,1947,5,-0.057,13.943
1169,1947,6,0.004,14.004
1170,1947,7,-0.003,13.997
1171,1947,8,-0.04,13.96
1172,1947,9,-0.068,13.932
1173,1947,10,0.068,14.068
1174,1947,11,0.047,14.047
1175,1947,12,-0.175,13.825
1176,1948,1,0.089,14.089
1177,1948,2,-0.123,13.877
1178,1948,3,-0.178,13.822
1179,1948,4,-0.045,13.955
1180,1948,5,0.101,14.101
1181,1948,6,0.069,14.069
1182,1948,7,-0.104,13.896
1183,1948,8,-0.003,13.997
1184,1948,9,-0.056,13.944
1185,1948,10,0.022,14.022
1186,1948,11,-0.059,13.941
1187,1948,12,-0.198,13.802
1188,1949,1,0.149,14.149
1189,1949,2,-0.144,13.856
1190,1949,3,-0.175,13.825
1191,1949,4,0.004,14.004
1192,1949,5,-0.053,13.947
1193,1949,6,-0.184,13.816
1194,1949,7,-0.099,13.901
1195,1949,8,-0.042,13.958
1196,1949,9,-0.079,13.921
1197,1949,10,-0.034,13.966
1198,1949,11,-0.081,13.919
1199,1949,12,-0.19,13.81
1200,1950,1,-0.318,13.682
1201,1950,2,-0.25,13.75
1202,1950,3,-0.181,13.819
1203,1950,4,-0.173,13.827
1204,1950,5,-0.094,13.906
1205,1950,6,-0.076,13.924
1206,1950,7,-0.044,13.956
1207,1950,8,-0.12,13.88
1208,1950,9,-0.106,13.894
1209,1950,10,-0.129,13.871
1210,1950,11,-0.391,13.609
1211,1950,12,-0.25,13.75
1212,1951,1,-0.354,13.646
1213,1951,2,-0.461,13.539
1214,1951,3,-0.293,13.707
1215,1951,4,-0.108,13.892
1216,1951,5,-0.015,13.985
1217,1951,6,0.033,14.033
1218,1951,7,0.041,14.041
1219,1951,8,0.135,14.135
1220,1951,9,0.091,14.091
1221,1951,10,0.135,14.135
1222,1951,11,-0.035,13.965
1223,1951,12,0.18,14.18
1224,1952,1,0.184,14.184
1225,1952,2,0.13,14.13
1226,1952,3,-0.131,13.869
1227,1952,4,0.053,14.053
1228,1952,5,0.036,14.036
1229,1952,6,0.039,14.039
1230,1952,7,0.1,14.1
1231,1952,8,0.093,14.093
1232,1952,9,0.1,14.1
1233,1952,10,-0.007,13.993
1234,1952,11,-0.186,13.814
1235,1952,12,-0.062,13.938
1236,1953,1,0.064,14.064
1237,1953,2,0.147,14.147
1238,1953,3,0.126,14.126
1239,1953,4,0.191,14.191
1240,1953,5,0.138,14.138
1241,1953,6,0.167,14.167
1242,1953,7,0.048,14.048
1243,1953,8,0.099,14.099
1244,1953,9,0.077,14.077
1245,1953,10,0.073,14.073
1246,1953,11,-0.067,13.933
1247,1953,12,0.091,14.091
1248,1954,1,-0.237,13.763
1249,1954,2,-0.086,13.914
1250,1954,3,-0.153,13.847
1251,1954,4,-0.145,13.855
1252,1954,5,-0.205,13.795
1253,1954,6,-0.126,13.874
1254,1954,7,-0.199,13.801
1255,1954,8,-0.093,13.907
1256,1954,9,-0.086,13.914
1257,1954,10,-0.03,13.97
1258,1954,11,0.022,14.022
1259,1954,12,-0.232,13.768
1260,1955,1,0.124,14.124
1261,1955,2,-0.168,13.832
1262,1955,3,-0.405,13.595
1263,1955,4,-0.246,13.754
1264,1955,5,-0.232,13.768
1265,1955,6,-0.163,13.837
1266,1955,7,-0.199,13.801
1267,1955,8,-0.062,13.938
1268,1955,9,-0.114,13.886
1269,1955,10,-0.166,13.834
1270,1955,11,-0.316,13.684
1271,1955,12,-0.337,13.663
1272,1956,1,-0.247,13.753
1273,1956,2,-0.346,13.654
1274,1956,3,-0.315,13.685
1275,1956,4,-0.335,13.665
1276,1956,5,-0.28,13.72
1277,1956,6,-0.23,13.77
1278,1956,7,-0.206,13.794
1279,1956,8,-0.25,13.75
1280,1956,9,-0.283,13.717
1281,1956,10,-0.233,13.767
1282,1956,11,-0.262,13.738
1283,1956,12,-0.209,13.791
1284,1957,1,-0.167,13.833
1285,1957,2,-0.131,13.869
1286,1957,3,-0.188,13.812
1287,1957,4,-0.064,13.936
1288,1957,5,0.049,14.049
1289,1957,6,0.082,14.082
1290,1957,7,0,14
1291,1957,8,0.093,14.093
1292,1957,9,0.037,14.037
1293,1957,10,-0.015,13.985
1294,1957,11,0.055,14.055
1295,1957,12,0.151,14.151
1296,1958,1,0.267,14.267
1297,1958,2,0.184,14.184
1298,1958,3,0.001,14.001
1299,1958,4,0.035,14.035
1300,1958,5,0.032,14.032
1301,1958,6,-0.015,13.985
1302,1958,7,0.041,14.041
1303,1958,8,0.004,14.004
1304,1958,9,-0.053,13.947
1305,1958,10,0.014,14.014
1306,1958,11,0.011,14.011
1307,1958,12,0.03,14.03
1308,1959,1,0.087,14.087
1309,1959,2,0.033,14.033
1310,1959,3,0.079,14.079
1311,1959,4,0.046,14.046
1312,1959,5,-0.01,13.99
1313,1959,6,0.062,14.062
1314,1959,7,0.03,14.03
1315,1959,8,0.047,14.047
1316,1959,9,0.041,14.041
1317,1959,10,-0.034,13.966
1318,1959,11,-0.111,13.889
1319,1959,12,-0.069,13.931
1320,1960,1,-0.032,13.968
1321,1960,2,0.104,14.104
1322,1960,3,-0.314,13.686
1323,1960,4,-0.176,13.824
1324,1960,5,-0.156,13.844
1325,1960,6,-0.03,13.97
1326,1960,7,-0.028,13.972
1327,1960,8,0.008,14.008
1328,1960,9,0.064,14.064
1329,1960,10,-0.027,13.973
1330,1960,11,-0.149,13.851
1331,1960,12,0.146,14.146
1332,1961,1,0.045,14.045
1333,1961,2,0.177,14.177
1334,1961,3,0.093,14.093
1335,1961,4,0.096,14.096
1336,1961,5,0.092,14.092
1337,1961,6,0.111,14.111
1338,1961,7,0.019,14.019
1339,1961,8,0.033,14.033
1340,1961,9,-0.029,13.971
1341,1961,10,-0.033,13.967
1342,1961,11,-0.018,13.982
1343,1961,12,-0.117,13.883
1344,1962,1,0.053,14.053
1345,1962,2,0.135,14.135
1346,1962,3,0.028,14.028
1347,1962,4,0.024,14.024
1348,1962,5,-0.047,13.953
1349,1962,6,-0.052,13.948
1350,1962,7,0.018,14.018
1351,1962,8,-0.005,13.995
1352,1962,9,-0.017,13.983
1353,1962,10,0.042,14.042
1354,1962,11,0.01,14.01
1355,1962,12,-0.012,13.988
1356,1963,1,-0.045,13.955
1357,1963,2,0.148,14.148
1358,1963,3,-0.147,13.853
1359,1963,4,-0.069,13.931
1360,1963,5,-0.022,13.978
1361,1963,6,-0.033,13.967
1362,1963,7,0.111,14.111
1363,1963,8,0.126,14.126
1364,1963,9,0.127,14.127
1365,1963,10,0.225,14.225
1366,1963,11,0.164,14.164
1367,1963,12,-0.006,13.994
1368,1964,1,-0.053,13.947
1369,1964,2,-0.127,13.873
1370,1964,3,-0.278,13.722
1371,1964,4,-0.246,13.754
1372,1964,5,-0.177,13.823
1373,1964,6,-0.161,13.839
1374,1964,7,-0.172,13.828
1375,1964,8,-0.256,13.744
1376,1964,9,-0.282,13.718
1377,1964,10,-0.267,13.733
1378,1964,11,-0.295,13.705
1379,1964,12,-0.353,13.647
1380,1965,1,-0.106,13.894
1381,1965,2,-0.249,13.751
1382,1965,3,-0.218,13.782
1383,1965,4,-0.255,13.745
1384,1965,5,-0.162,13.838
1385,1965,6,-0.11,13.89
1386,1965,7,-0.183,13.817
1387,1965,8,-0.106,13.894
1388,1965,9,-0.088,13.912
1389,1965,10,-0.024,13.976
1390,1965,11,-0.13,13.87
1391,1965,12,-0.065,13.935
1392,1966,1,-0.094,13.906
1393,1966,2,-0.093,13.907
1394,1966,3,-0.067,13.933
1395,1966,4,-0.105,13.895
1396,1966,5,-0.138,13.862
1397,1966,6,0.038,14.038
1398,1966,7,0.03,14.03
1399,1966,8,-0.017,13.983
1400,1966,9,-0.038,13.962
1401,1966,10,-0.104,13.896
1402,1966,11,-0.095,13.905
1403,1966,12,-0.14,13.86
1404,1967,1,-0.172,13.828
1405,1967,2,-0.237,13.763
1406,1967,3,-0.05,13.95
1407,1967,4,-0.063,13.937
1408,1967,5,0.076,14.076
1409,1967,6,-0.081,13.919
1410,1967,7,-0.063,13.937
1411,1967,8,-0.061,13.939
1412,1967,9,-0.093,13.907
1413,1967,10,0.062,14.062
1414,1967,11,-0.059,13.941
1415,1967,12,-0.147,13.853
1416,1968,1,-0.241,13.759
1417,1968,2,-0.212,13.788
1418,1968,3,0.036,14.036
1419,1968,4,-0.169,13.831
1420,1968,5,-0.218,13.782
1421,1968,6,-0.107,13.893
1422,1968,7,-0.102,13.898
1423,1968,8,-0.059,13.941
1424,1968,9,-0.086,13.914
1425,1968,10,-0.021,13.979
1426,1968,11,-0.071,13.929
1427,1968,12,-0.11,13.89
1428,1969,1,-0.172,13.828
1429,1969,2,-0.168,13.832
1430,1969,3,-0.005,13.995
1431,1969,4,0.106,14.106
1432,1969,5,0.132,14.132
1433,1969,6,0.025,14.025
1434,1969,7,0.038,14.038
1435,1969,8,0.054,14.054
1436,1969,9,0.019,14.019
1437,1969,10,0.031,14.031
1438,1969,11,0.131,14.131
1439,1969,12,0.194,14.194
1440,1970,1,0.07,14.07
1441,1970,2,0.144,14.144
1442,1970,3,-0.069,13.931
1443,1970,4,0.056,14.056
1444,1970,5,-0.036,13.964
1445,1970,6,-0.015,13.985
1446,1970,7,-0.05,13.95
1447,1970,8,-0.093,13.907
1448,1970,9,-0.04,13.96
1449,1970,10,-0.075,13.925
1450,1970,11,-0.05,13.95
1451,1970,12,-0.166,13.834
1452,1971,1,-0.102,13.898
1453,1971,2,-0.289,13.711
1454,1971,3,-0.282,13.718
1455,1971,4,-0.237,13.763
1456,1971,5,-0.214,13.786
1457,1971,6,-0.235,13.765
1458,1971,7,-0.13,13.87
1459,1971,8,-0.168,13.832
1460,1971,9,-0.124,13.876
1461,1971,10,-0.165,13.835
1462,1971,11,-0.086,13.914
1463,1971,12,-0.199,13.801
1464,1972,1,-0.379,13.621
1465,1972,2,-0.291,13.709
1466,1972,3,-0.132,13.868
1467,1972,4,-0.077,13.923
1468,1972,5,-0.065,13.935
1469,1972,6,0.008,14.008
1470,1972,7,-0.017,13.983
1471,1972,8,0.016,14.016
1472,1972,9,-0.053,13.947
1473,1972,10,0.007,14.007
1474,1972,11,0.002,14.002
1475,1972,12,0.187,14.187
1476,1973,1,0.147,14.147
1477,1973,2,0.278,14.278
1478,1973,3,0.226,14.226
1479,1973,4,0.162,14.162
1480,1973,5,0.085,14.085
1481,1973,6,0.11,14.11
1482,1973,7,0.026,14.026
1483,1973,8,0.017,14.017
1484,1973,9,-0.042,13.958
1485,1973,10,-0.047,13.953
1486,1973,11,-0.099,13.901
1487,1973,12,-0.113,13.887
1488,1974,1,-0.372,13.628
1489,1974,2,-0.41,13.59
1490,1974,3,-0.229,13.771
1491,1974,4,-0.18,13.82
1492,1974,5,-0.196,13.804
1493,1974,6,-0.153,13.847
1494,1974,7,-0.127,13.873
1495,1974,8,-0.083,13.917
1496,1974,9,-0.129,13.871
1497,1974,10,-0.22,13.78
1498,1974,11,-0.217,13.783
1499,1974,12,-0.242,13.758
1500,1975,1,-0.075,13.925
1501,1975,2,-0.093,13.907
1502,1975,3,-0.077,13.923
1503,1975,4,-0.09,13.91
1504,1975,5,-0.086,13.914
1505,1975,6,-0.086,13.914
1506,1975,7,-0.11,13.89
1507,1975,8,-0.18,13.82
1508,1975,9,-0.126,13.874
1509,1975,10,-0.234,13.766
1510,1975,11,-0.319,13.681
1511,1975,12,-0.309,13.691
1512,1976,1,-0.233,13.767
1513,1976,2,-0.329,13.671
1514,1976,3,-0.445,13.555
1515,1976,4,-0.195,13.805
1516,1976,5,-0.317,13.683
1517,1976,6,-0.25,13.75
1518,1976,7,-0.182,13.818
1519,1976,8,-0.202,13.798
1520,1976,9,-0.162,13.838
1521,1976,10,-0.316,13.684
1522,1976,11,-0.18,13.82
1523,1976,12,-0.087,13.913
1524,1977,1,-0.074,13.926
1525,1977,2,0.077,14.077
1526,1977,3,0.102,14.102
1527,1977,4,0.094,14.094
1528,1977,5,0.072,14.072
1529,1977,6,0.112,14.112
1530,1977,7,0.065,14.065
1531,1977,8,-0.001,13.999
1532,1977,9,0.033,14.033
1533,1977,10,-0.005,13.995
1534,1977,11,0.141,14.141
1535,1977,12,-0.051,13.949
1536,1978,1,0.017,14.017
1537,1978,2,-0.035,13.965
1538,1978,3,0.028,14.028
1539,1978,4,-0.061,13.939
1540,1978,5,-0.085,13.915
1541,1978,6,-0.135,13.865
1542,1978,7,-0.066,13.934
1543,1978,8,-0.185,13.815
1544,1978,9,-0.054,13.946
1545,1978,10,-0.112,13.888
1546,1978,11,0.046,14.046
1547,1978,12,-0.098,13.902
1548,1979,1,-0.029,13.971
1549,1979,2,-0.138,13.862
1550,1979,3,0.016,14.016
1551,1979,4,-0.05,13.95
1552,1979,5,-0.033,13.967
1553,1979,6,0.058,14.058
1554,1979,7,0.054,14.054
1555,1979,8,0.083,14.083
1556,1979,9,0.092,14.092
1557,1979,10,0.135,14.135
1558,1979,11,0.146,14.146
1559,1979,12,0.355,14.355
1560,1980,1,0.134,14.134
1561,1980,2,0.217,14.217
1562,1980,3,0.069,14.069
1563,1980,4,0.144,14.144
1564,1980,5,0.142,14.142
1565,1980,6,0.07,14.07
1566,1980,7,0.061,14.061
1567,1980,8,0.038,14.038
1568,1980,9,0.039,14.039
1569,1980,10,0.011,14.011
1570,1980,11,0.129,14.129
1571,1980,12,0.055,14.055
1572,1981,1,0.329,14.329
1573,1981,2,0.197,14.197
1574,1981,3,0.208,14.208
1575,1981,4,0.131,14.131
1576,1981,5,0.066,14.066
1577,1981,6,0.125,14.125
1578,1981,7,0.089,14.089
1579,1981,8,0.121,14.121
1580,1981,9,0.072,14.072
1581,1981,10,0.004,14.004
1582,1981,11,0.072,14.072
1583,1981,12,0.265,14.265
1584,1982,1,-0.045,13.955
1585,1982,2,0.006,14.006
1586,1982,3,-0.129,13.871
1587,1982,4,0.029,14.029
1588,1982,5,0.04,14.04
1589,1982,6,-0.055,13.945
1590,1982,7,-0.016,13.984
1591,1982,8,-0.009,13.991
1592,1982,9,0.075,14.075
1593,1982,10,0.006,14.006
1594,1982,11,-0.009,13.991
1595,1982,12,0.25,14.25
1596,1983,1,0.428,14.428
1597,1983,2,0.313,14.313
1598,1983,3,0.213,14.213
1599,1983,4,0.12,14.12
1600,1983,5,0.137,14.137
1601,1983,6,0.134,14.134
1602,1983,7,0.152,14.152
1603,1983,8,0.2,14.2
1604,1983,9,0.188,14.188
1605,1983,10,0.099,14.099
1606,1983,11,0.256,14.256
1607,1983,12,0.089,14.089
1608,1984,1,0.118,14.118
1609,1984,2,0.013,14.013
1610,1984,3,0.049,14.049
1611,1984,4,-0.046,13.954
1612,1984,5,0.092,14.092
1613,1984,6,-0.015,13.985
1614,1984,7,-0.037,13.963
1615,1984,8,0.041,14.041
1616,1984,9,0.033,14.033
1617,1984,10,-0.022,13.978
1618,1984,11,-0.121,13.879
1619,1984,12,-0.274,13.726
1620,1985,1,0.011,14.011
1621,1985,2,-0.133,13.867
1622,1985,3,-0.026,13.974
1623,1985,4,-0.04,13.96
1624,1985,5,-0.003,13.997
1625,1985,6,-0.061,13.939
1626,1985,7,-0.06,13.94
1627,1985,8,0.026,14.026
1628,1985,9,-0.032,13.968
1629,1985,10,0.018,14.018
1630,1985,11,-0.072,13.928
1631,1985,12,0.014,14.014
1632,1986,1,0.124,14.124
1633,1986,2,0.09,14.09
1634,1986,3,0.075,14.075
1635,1986,4,0.078,14.078
1636,1986,5,0.045,14.045
1637,1986,6,0.049,14.049
1638,1986,7,-0.002,13.998
1639,1986,8,0.002,14.002
1640,1986,9,0.011,14.011
1641,1986,10,0.066,14.066
1642,1986,11,-0.007,13.993
1643,1986,12,0.01,14.01
1644,1987,1,0.112,14.112
1645,1987,2,0.302,14.302
1646,1987,3,0.022,14.022
1647,1987,4,0.095,14.095
1648,1987,5,0.148,14.148
1649,1987,6,0.127,14.127
1650,1987,7,0.269,14.269
1651,1987,8,0.237,14.237
1652,1987,9,0.274,14.274
1653,1987,10,0.204,14.204
1654,1987,11,0.197,14.197
1655,1987,12,0.322,14.322
1656,1988,1,0.388,14.388
1657,1988,2,0.233,14.233
1658,1988,3,0.262,14.262
1659,1988,4,0.225,14.225
1660,1988,5,0.211,14.211
1661,1988,6,0.221,14.221
1662,1988,7,0.173,14.173
1663,1988,8,0.176,14.176
1664,1988,9,0.183,14.183
1665,1988,10,0.139,14.139
1666,1988,11,0.027,14.027
1667,1988,12,0.146,14.146
1668,1989,1,0.012,14.012
1669,1989,2,0.149,14.149
1670,1989,3,0.136,14.136
1671,1989,4,0.081,14.081
1672,1989,5,0.079,14.079
1673,1989,6,0.074,14.074
1674,1989,7,0.156,14.156
1675,1989,8,0.177,14.177
1676,1989,9,0.142,14.142
1677,1989,10,0.151,14.151
1678,1989,11,0.06,14.06
1679,1989,12,0.201,14.201
1680,1990,1,0.217,14.217
1681,1990,2,0.307,14.307
1682,1990,3,0.562,14.562
1683,1990,4,0.366,14.366
1684,1990,5,0.278,14.278
1685,1990,6,0.277,14.277
1686,1990,7,0.231,14.231
1687,1990,8,0.25,14.25
1688,1990,9,0.178,14.178
1689,1990,10,0.332,14.332
1690,1990,11,0.318,14.318
1691,1990,12,0.248,14.248
1692,1991,1,0.288,14.288
1693,1991,2,0.298,14.298
1694,1991,3,0.198,14.198
1695,1991,4,0.383,14.383
1696,1991,5,0.303,14.303
1697,1991,6,0.306,14.306
1698,1991,7,0.307,14.307
1699,1991,8,0.258,14.258
1700,1991,9,0.243,14.243
1701,1991,10,0.191,14.191
1702,1991,11,0.16,14.16
1703,1991,12,0.12,14.12
1704,1992,1,0.367,14.367
1705,1992,2,0.319,14.319
1706,1992,3,0.258,14.258
1707,1992,4,0.137,14.137
1708,1992,5,0.173,14.173
1709,1992,6,0.13,14.13
1710,1992,7,-0.016,13.984
1711,1992,8,0.007,14.007
1712,1992,9,-0.064,13.936
1713,1992,10,-0.048,13.952
1714,1992,11,-0.084,13.916
1715,1992,12,0.082,14.082
1716,1993,1,0.307,14.307
1717,1993,2,0.253,14.253
1718,1993,3,0.239,14.239
1719,1993,4,0.131,14.131
1720,1993,5,0.178,14.178
1721,1993,6,0.179,14.179
1722,1993,7,0.131,14.131
1723,1993,8,0.097,14.097
1724,1993,9,0.07,14.07
1725,1993,10,0.109,14.109
1726,1993,11,-0.036,13.964
1727,1993,12,0.129,14.129
1728,1994,1,0.182,14.182
1729,1994,2,-0.048,13.952
1730,1994,3,0.222,14.222
1731,1994,4,0.21,14.21
1732,1994,5,0.268,14.268
1733,1994,6,0.262,14.262
1734,1994,7,0.17,14.17
1735,1994,8,0.186,14.186
1736,1994,9,0.19,14.19
1737,1994,10,0.311,14.311
1738,1994,11,0.314,14.314
1739,1994,12,0.246,14.246
1740,1995,1,0.421,14.421
1741,1995,2,0.601,14.601
1742,1995,3,0.322,14.322
1743,1995,4,0.285,14.285
1744,1995,5,0.218,14.218
1745,1995,6,0.312,14.312
1746,1995,7,0.331,14.331
1747,1995,8,0.357,14.357
1748,1995,9,0.263,14.263
1749,1995,10,0.336,14.336
1750,1995,11,0.324,14.324
1751,1995,12,0.132,14.132
1752,1996,1,0.116,14.116
1753,1996,2,0.323,14.323
1754,1996,3,0.186,14.186
1755,1996,4,0.13,14.13
1756,1996,5,0.224,14.224
1757,1996,6,0.168,14.168
1758,1996,7,0.221,14.221
1759,1996,8,0.207,14.207
1760,1996,9,0.104,14.104
1761,1996,10,0.132,14.132
1762,1996,11,0.146,14.146
1763,1996,12,0.232,14.232
1764,1997,1,0.211,14.211
1765,1997,2,0.313,14.313
1766,1997,3,0.344,14.344
1767,1997,4,0.266,14.266
1768,1997,5,0.286,14.286
1769,1997,6,0.411,14.411
1770,1997,7,0.373,14.373
1771,1997,8,0.44,14.44
1772,1997,9,0.479,14.479
1773,1997,10,0.558,14.558
1774,1997,11,0.501,14.501
1775,1997,12,0.503,14.503
1776,1998,1,0.489,14.489
1777,1998,2,0.763,14.763
1778,1998,3,0.549,14.549
1779,1998,4,0.65,14.65
1780,1998,5,0.582,14.582
1781,1998,6,0.591,14.591
1782,1998,7,0.673,14.673
1783,1998,8,0.605,14.605
1784,1998,9,0.4,14.4
1785,1998,10,0.407,14.407
1786,1998,11,0.298,14.298
1787,1998,12,0.472,14.472
1788,1999,1,0.347,14.347
1789,1999,2,0.583,14.583
1790,1999,3,0.226,14.226
1791,1999,4,0.324,14.324
1792,1999,5,0.245,14.245
1793,1999,6,0.273,14.273
1794,1999,7,0.288,14.288
1795,1999,8,0.228,14.228
1796,1999,9,0.305,14.305
1797,1999,10,0.253,14.253
1798,1999,11,0.241,14.241
1799,1999,12,0.37,14.37
1800,2000,1,0.224,14.224
1801,2000,2,0.449,14.449
1802,2000,3,0.382,14.382
1803,2000,4,0.479,14.479
1804,2000,5,0.279,14.279
1805,2000,6,0.27,14.27
1806,2000,7,0.261,14.261
1807,2000,8,0.353,14.353
1808,2000,9,0.312,14.312
1809,2000,10,0.225,14.225
1810,2000,11,0.16,14.16
1811,2000,12,0.157,14.157
1812,2001,1,0.357,14.357
1813,2001,2,0.319,14.319
1814,2001,3,0.51,14.51
1815,2001,4,0.462,14.462
1816,2001,5,0.418,14.418
1817,2001,6,0.419,14.419
1818,2001,7,0.464,14.464
1819,2001,8,0.505,14.505
1820,2001,9,0.431,14.431
1821,2001,10,0.421,14.421
1822,2001,11,0.613,14.613
1823,2001,12,0.383,14.383
1824,2002,1,0.654,14.654
1825,2002,2,0.703,14.703
1826,2002,3,0.701,14.701
1827,2002,4,0.46,14.46
1828,2002,5,0.427,14.427
1829,2002,6,0.471,14.471
1830,2002,7,0.491,14.491
1831,2002,8,0.453,14.453
1832,2002,9,0.424,14.424
1833,2002,10,0.411,14.411
1834,2002,11,0.45,14.45
1835,2002,12,0.325,14.325
1836,2003,1,0.6,14.6
1837,2003,2,0.459,14.459
1838,2003,3,0.45,14.45
1839,2003,4,0.437,14.437
1840,2003,5,0.473,14.473
1841,2003,6,0.454,14.454
1842,2003,7,0.475,14.475
1843,2003,8,0.549,14.549
1844,2003,9,0.536,14.536
1845,2003,10,0.612,14.612
1846,2003,11,0.457,14.457
1847,2003,12,0.589,14.589
1848,2004,1,0.507,14.507
1849,2004,2,0.613,14.613
1850,2004,3,0.532,14.532
1851,2004,4,0.477,14.477
1852,2004,5,0.311,14.311
1853,2004,6,0.322,14.322
1854,2004,7,0.359,14.359
1855,2004,8,0.394,14.394
1856,2004,9,0.438,14.438
1857,2004,10,0.464,14.464
1858,2004,11,0.604,14.604
1859,2004,12,0.355,14.355
1860,2005,1,0.549,14.549
1861,2005,2,0.396,14.396
1862,2005,3,0.565,14.565
1863,2005,4,0.611,14.611
1864,2005,5,0.518,14.518
1865,2005,6,0.552,14.552
1866,2005,7,0.547,14.547
1867,2005,8,0.538,14.538
1868,2005,9,0.574,14.574
1869,2005,10,0.614,14.614
1870,2005,11,0.627,14.627
1871,2005,12,0.462,14.462
1872,2006,1,0.383,14.383
1873,2006,2,0.571,14.571
1874,2006,3,0.461,14.461
1875,2006,4,0.407,14.407
1876,2006,5,0.405,14.405
1877,2006,6,0.518,14.518
1878,2006,7,0.486,14.486
1879,2006,8,0.535,14.535
1880,2006,9,0.503,14.503
1881,2006,10,0.569,14.569
1882,2006,11,0.54,14.54
1883,2006,12,0.691,14.691
1884,2007,1,0.828,14.828
1885,2007,2,0.567,14.567
1886,2007,3,0.517,14.517
1887,2007,4,0.587,14.587
1888,2007,5,0.448,14.448
1889,2007,6,0.42,14.42
1890,2007,7,0.439,14.439
1891,2007,8,0.44,14.44
1892,2007,9,0.455,14.455
1893,2007,10,0.467,14.467
1894,2007,11,0.391,14.391
1895,2007,12,0.341,14.341
1896,2008,1,0.158,14.158
1897,2008,2,0.235,14.235
1898,2008,3,0.559,14.559
1899,2008,4,0.327,14.327
1900,2008,5,0.34,14.34
1901,2008,6,0.365,14.365
1902,2008,7,0.451,14.451
1903,2008,8,0.432,14.432
1904,2008,9,0.407,14.407
1905,2008,10,0.546,14.546
1906,2008,11,0.526,14.526
1907,2008,12,0.395,14.395
1908,2009,1,0.478,14.478
1909,2009,2,0.443,14.443
1910,2009,3,0.404,14.404
1911,2009,4,0.511,14.511
1912,2009,5,0.441,14.441
1913,2009,6,0.546,14.546
1914,2009,7,0.536,14.536
1915,2009,8,0.586,14.586
1916,2009,9,0.567,14.567
1917,2009,10,0.516,14.516
1918,2009,11,0.55,14.55
1919,2009,12,0.484,14.484
1920,2010,1,0.56,14.56
1921,2010,2,0.592,14.592
1922,2010,3,0.682,14.682
1923,2010,4,0.689,14.689
1924,2010,5,0.592,14.592
1925,2010,6,0.585,14.585
1926,2010,7,0.615,14.615
1927,2010,8,0.539,14.539
1928,2010,9,0.448,14.448
1929,2010,10,0.497,14.497
1930,2010,11,0.592,14.592
1931,2010,12,0.334,14.334
1932,2011,1,0.315,14.315
1933,2011,2,0.324,14.324
1934,2011,3,0.42,14.42
1935,2011,4,0.491,14.491
1936,2011,5,0.393,14.393
1937,2011,6,0.494,14.494
1938,2011,7,0.511,14.511
1939,2011,8,0.491,14.491
1940,2011,9,0.446,14.446
1941,2011,10,0.458,14.458
1942,2011,11,0.353,14.353
1943,2011,12,0.402,14.402
1944,2012,1,0.31,14.31
1945,2012,2,0.301,14.301
1946,2012,3,0.36,14.36
1947,2012,4,0.574,14.574
1948,2012,5,0.573,14.573
1949,2012,6,0.556,14.556
1950,2012,7,0.507,14.507
1951,2012,8,0.536,14.536
1952,2012,9,0.556,14.556
1953,2012,10,0.556,14.556
1954,2012,11,0.55,14.55
1955,2012,12,0.271,14.271
1956,2013,1,0.471,14.471
1957,2013,2,0.498,14.498
1958,2013,3,0.421,14.421
1959,2013,4,0.45,14.45
1960,2013,5,0.525,14.525
1961,2013,6,0.501,14.501
1962,2013,7,0.518,14.518
1963,2013,8,0.541,14.541
1964,2013,9,0.546,14.546
1965,2013,10,0.516,14.516
1966,2013,11,0.66,14.66
1967,2013,12,0.532,14.532
1968,2014,1,0.534,14.534
1969,2014,2,0.327,14.327
1970,2014,3,0.584,14.584
1971,2014,4,0.667,14.667
1972,2014,5,0.608,14.608
1973,2014,6,0.625,14.625
1974,2014,7,0.544,14.544
1975,2014,8,0.677,14.677
1976,2014,9,0.601,14.601
1977,2014,10,0.635,14.635
1978,2014,11,0.504,14.504
1979,2014,12,0.655,14.655
1980,2015,1,0.705,14.705
1981,2015,2,0.689,14.689
1982,2015,3,0.708,14.708
1983,2015,4,0.673,14.673
1984,2015,5,0.711,14.711
1985,2015,6,0.743,14.743
1986,2015,7,0.697,14.697
1987,2015,8,0.74,14.74
1988,2015,9,0.796,14.796
1989,2015,10,0.845,14.845
1990,2015,11,0.84,14.84
1991,2015,12,1.024,15.024
1992,2016,1,0.934,14.934
1993,2016,2,1.111,15.111
1994,2016,3,1.106,15.106
1995,2016,4,0.937,14.937
1996,2016,5,0.707,14.707
1997,2016,6,0.744,14.744
1998,2016,7,0.744,14.744
1999,2016,8,0.79,14.79
2000,2016,9,0.729,14.729
2001,2016,10,0.598,14.598
2002,2016,11,0.553,14.553
2003,2016,12,0.62,14.62
2004,2017,1,0.739,14.739
2005,2017,2,0.845,14.845
2006,2017,3,0.873,14.873
2007,2017,4,0.737,14.737
2008,2017,5,0.659,14.659
2009,2017,6,0.641,14.641
2010,2017,7,0.651,14.651
2011,2017,8,0.714,14.714
2012,2017,9,0.557,14.557
2013,2017,10,0.571,14.571
2014,2017,11,0.554,14.554
2015,2017,12,0.6,14.6
2016,2018,1,0.554,14.554
2017,2018,2,0.528,14.528
2018,2018,3,0.615,14.615
2019,2018,4,0.627,14.627
2020,2018,5,0.587,14.587
2021,2018,6,0.573,14.573
2022,2018,7,0.594,14.594
2023,2018,8,0.586,14.586
2024,2018,9,0.598,14.598
2025,2018,10,0.678,14.678
2026,2018,11,0.59,14.59
2027,2018,12,0.638,14.638
2028,2019,1,0.738,14.738
2029,2019,2,0.662,14.662
2030,2019,3,0.874,14.874
2031,2019,4,0.78,14.78
2032,2019,5,0.61,14.61
2033,2019,6,0.708,14.708
2034,2019,7,0.706,14.706
2035,2019,8,0.719,14.719
2036,2019,9,0.713,14.713
2037,2019,10,0.752,14.752
2038,2019,11,0.693,14.693
2039,2019,12,0.88,14.88
2040,2020,1,0.982,14.982
2041,2020,2,0.999,14.999
